block,h,n_pairs,n_member_states,mean_occ,mean_member,pos_sum,neg_sum,n_pos,n_neg
block1,0,1311159,1468,0.0,0.0,0.0,0.0,0,0
block1,1,1228727,1468,-0.00007121850643796225,-0.00013408515847064163,4618.481625979474,-4705.989727739475,558645,573082
block1,2,1219326,1468,-0.00017471525102635003,-0.00023418336919004066,6225.538157587409,-6438.573005760362,561386,587145
block1,3,1212352,1468,-0.0002998609192384949,-0.000358596281903925,7391.3255552083865,-7754.862540369036,560572,593594
block1,4,1206331,1468,-0.0004240535441139413,-0.0005562060792475693,8351.331730972042,-8862.880666896557,557828,598111
block1,5,1202194,1468,-0.0005479943911062455,-0.000606475262915126,9216.056465140391,-9874.852034162,555896,601365
block1,6,1198256,1468,-0.0006486429183746204,-0.0008139222746225867,10021.642943179775,-10798.883211979693,554858,602717
block1,7,1194028,1468,-0.0007421723433486788,-0.0009623580145898985,10727.72183392505,-11613.896392708983,553119,603191
block1,8,1190011,1468,-0.0008463601456619271,-0.0010358198795456903,11351.821503486291,-12358.999386785534,551106,603917
block1,9,1185980,1468,-0.0009507407917823647,-0.0010846323758358656,11921.085317106352,-13048.644881344431,548496,604299
block1,10,1182075,1468,-0.001049857958974549,-0.0012184998974400494,12471.039284071936,-13712.050130926831,546196,604202
block1,11,1178482,1468,-0.0011336003714904688,-0.0014316558968442998,13004.958066615887,-14340.88569961067,544064,604511
block1,12,1174625,1468,-0.0012162461972265181,-0.001471798459612656,13481.719143620965,-14910.352333038158,541743,604171
block1,13,1170916,1468,-0.0013034651735371364,-0.001585649833646111,13925.629391057626,-15451.87761819503,539904,603436
block1,14,1167130,1468,-0.0013840003720076367,-0.0015844814180299227,14344.816569381082,-15960.12492356242,538040,602645
block1,15,1163693,1468,-0.001481707094116262,-0.0016886576038403869,14738.34921615707,-16462.601389630538,535338,602701
block1,16,1159656,1468,-0.0015729093721538465,-0.0018812989599044554,15123.621839335347,-16947.655630209825,533135,602048
block1,17,1156205,1468,-0.0016548333660547558,-0.0019011610307974754,15485.670663237894,-17398.997275237263,530925,601350
block1,18,1152611,1468,-0.0017467801893067275,-0.0019987055610903312,15818.994709926872,-17832.352770703958,529030,600593
block1,19,1148878,1468,-0.0018400456409428487,-0.0021486055723093913,16135.147477833441,-18249.135433708554,526730,599830
block1,20,1145167,1468,-0.0019233750050492706,-0.0021887967671792696,16454.824725337603,-18657.410309744882,524374,598991
block1,21,1141931,1468,-0.0020013662095438715,-0.00234461518470649,16775.480315919664,-19060.90243295026,522719,598082
block1,22,1138247,1468,-0.00208700972676671,-0.0024183849148121444,17065.519934204924,-19441.052494667954,520314,597405
block1,23,1134467,1468,-0.0021718668846301714,-0.002489799974213608,17326.117555395755,-19790.02886440151,518143,596341
block1,24,1130803,1468,-0.002259746771648255,-0.0026568410996563986,17575.157457903693,-20130.48588652392,515677,595489
block1,25,1127373,1468,-0.002336396500261646,-0.002584604168102951,17828.274595954892,-20462.264927644403,513771,594458
block1,26,1123604,1468,-0.00241540054922448,-0.0028131612847486025,18076.40229869988,-20790.356017410722,511852,593145
block1,27,1120354,1468,-0.0024910161770086495,-0.002756022980830171,18324.81370001171,-21115.633637988074,509817,592146
block1,28,1116895,1468,-0.0025659107874898175,-0.0027821012375358373,18553.930820539535,-21419.783749532948,507815,591172
block1,29,1113269,1468,-0.0026559111072233118,-0.002884263690236271,18755.03279778727,-21711.77630021457,505992,589362
block1,30,1109574,1468,-0.0027462449635554695,-0.0029286784671942842,18948.75628010049,-21995.91828929261,503937,588468
block1,31,1106373,1468,-0.002814209164240985,-0.0029191886649422238,19167.17269393135,-22280.737729600038,501807,587652
block1,32,1102557,1468,-0.0028727893041703588,-0.0029815689676028936,19379.72316868425,-22547.137125522393,499722,586066
block1,33,1099027,1468,-0.002937330372009549,-0.003142618497614757,19578.701320157186,-22806.90670691572,497539,584974
block1,34,1095612,1468,-0.003009845274267226,-0.003160516441803031,19767.257534309865,-23064.880134940497,495579,583676
block1,35,1092114,1468,-0.00307983487492354,-0.003194769211924944,19952.08023458242,-23315.611019174663,493825,582344
block1,36,1088657,1468,-0.0031591210005038916,-0.0033535225724360992,20120.37870829602,-23559.577899341602,492022,581042
block1,37,1085278,1468,-0.003237043073585289,-0.003397921846676823,20289.8887309626,-23802.980363777107,490314,579659
block1,38,1081809,1468,-0.0033125679241840372,-0.003537264410383145,20452.414816995035,-24035.980610488674,487811,578714
block1,39,1078410,1468,-0.0033822134193369924,-0.0036211117180211193,20618.54514044447,-24265.957913991646,485826,577557
block1,40,1075004,1468,-0.003446886409157224,-0.0036002088833106873,20779.108684799783,-24484.525362189386,484210,575853
block1,41,1071296,1468,-0.0035052395365448193,-0.003494090955087106,20930.08324129154,-24685.232335833774,481907,574789
block1,42,1068026,1468,-0.00355476081888201,-0.003561605632509504,21090.626273050235,-24887.20325139748,480121,573565
block1,43,1064524,1468,-0.003623569161885978,-0.0037495275045220577,21234.83487380005,-25092.21121228751,478388,572086
block1,44,1061171,1468,-0.0036727385419049346,-0.0036286278706447153,21387.743839767405,-25285.14747101922,476497,570711
block1,45,1057852,1468,-0.0037346432560982565,-0.0037319878705578224,21528.28832637521,-25478.98816412533,474548,569455
block1,46,1054369,1468,-0.0038083602721294845,-0.0038060897572067018,21656.221214702688,-25671.63822646751,472498,568176
block1,47,1050937,1468,-0.003870974239031469,-0.0038629403612883634,21787.157593216747,-25855.307647061796,471014,566616
block1,48,1047510,1468,-0.00394123234141135,-0.003917562348815035,21913.69814229461,-26042.178432246375,468627,565676
block1,49,1044131,1468,-0.004014145376963431,-0.004099490737312562,22026.78855536872,-26218.08218196283,466412,564797
block1,50,1040601,1468,-0.004074211501257092,-0.00411989876187286,22149.31116342931,-26388.93972584888,464240,563606
block1,51,1037237,1468,-0.004118885021834909,-0.004322737158639663,22275.270366378783,-26547.530309771795,462561,562235
block1,52,1033888,1468,-0.004165137075032722,-0.00428002720570345,22390.418091694046,-26696.703331925626,460839,560462
block1,53,1030572,1468,-0.004209940131669436,-0.004195738988645005,22511.419328617514,-26850.065749992293,459074,559131
block1,54,1027063,1468,-0.004261192079922527,-0.00432409507682741,22621.42998260504,-26997.942703786506,456987,557775
block1,55,1023816,1468,-0.004303281334676581,-0.004469596203302435,22725.524724895713,-27131.293007838904,455487,556087
block1,56,1020334,1468,-0.004355376586892351,-0.004535126641133462,22824.199236389944,-27268.138050800204,453571,554753
block1,57,1016909,1468,-0.004412588215956556,-0.004478657790518503,22911.019351911826,-27398.220022011934,451876,553154
block1,58,1013697,1468,-0.004456026122341969,-0.004524050587852214,23011.333130393356,-27528.393442533,450063,551733
block1,59,1010312,1468,-0.004503710752195159,-0.0046237618880102934,23109.724470906312,-27659.877488378148,448340,550292
block1,60,1007075,1468,-0.004569329482872919,-0.0047813168526157895,23193.89767415987,-27795.55516312405,446519,549004
block1,61,1003472,1468,-0.004644289015921841,-0.004817381147001265,23270.729963410922,-27931.14395079617,444801,547284
block1,62,999950,1468,-0.004715795817212256,-0.00484960030276774,23336.824303581125,-28052.384331002628,442791,545927
block1,63,997028,1468,-0.004778266521839913,-0.004890302352067576,23420.820376325515,-28184.885890062462,441172,544673
block1,64,993555,1468,-0.0048394375181961425,-0.004836293140973917,23505.066222928068,-28313.313566319237,439107,543366
block1,65,990513,1468,-0.0048921819229079365,-0.004821452484360929,23598.5813035912,-28444.3510965965,437529,541936
block1,66,986995,1468,-0.004942104436968503,-0.004645697995151666,23685.558995086983,-28563.391363852614,436204,540062
block1,67,983492,1468,-0.005009926185198936,-0.004848602101131532,23757.328630991324,-28684.550954725113,433877,538816
block1,68,980329,1468,-0.005071954523019736,-0.00500237559208121,23829.366137947498,-28801.550243544913,432474,537361
block1,69,976832,1468,-0.0051441502354518595,-0.00497929584866752,23886.73343467764,-28911.703997474553,430796,535760
block1,70,973538,1468,-0.005211872183654264,-0.0050620925183713535,23945.375659707803,-29019.331281638333,428988,534349
block1,71,970227,1468,-0.005251982743474476,-0.005100673965299213,24027.599874061074,-29123.215335313882,427202,532798
block1,72,966922,1468,-0.005317472264906204,-0.005210178975670702,24090.181942719162,-29231.762860046783,425583,531212
block1,73,963651,1468,-0.005365770704589648,-0.005179570559023373,24159.619341568014,-29330.34964681648,423748,529932
block1,74,960341,1468,-0.00541579758072002,-0.005195233986332723,24231.04579665995,-29432.0582611262,422215,528417
block1,75,957172,1468,-0.0054721517761066015,-0.004975333409089294,24300.65789569227,-29538.44835553184,420189,527299
block1,76,953936,1468,-0.005536973542564731,-0.005242380666056898,24364.832721383886,-29646.75111468391,418227,525966
block1,77,950546,1468,-0.005594060010464754,-0.005196451443009977,24409.20363292926,-29726.614999636466,416646,524265
block1,78,947301,1468,-0.005634788061225827,-0.005264448069184404,24485.250629319835,-29823.090994507107,414808,523032
block1,79,943955,1468,-0.00569258791645768,-0.005287467242135612,24544.16954649507,-29917.71637317498,412941,521459
block1,80,940666,1468,-0.005750162504529103,-0.005439179762339542,24593.675148956383,-30002.65751144186,411431,519909
block1,81,937465,1468,-0.005794661866109914,-0.005484604303979057,24658.820638842488,-30091.11332515517,409748,518650
block1,82,934062,1468,-0.005855200662083762,-0.005562700312322714,24707.915779006693,-30177.036219833903,407948,516995
block1,83,930787,1468,-0.005916206560302284,-0.005569539198634081,24750.295021212005,-30257.02317685611,406245,515484
block1,84,927654,1468,-0.005948700820154825,-0.005745046672909795,24811.49712006609,-30329.833230686047,404923,513890
block1,85,924476,1468,-0.005983960512266639,-0.005809454042059438,24873.03267660168,-30405.060555139906,403314,512333
block1,86,920924,1468,-0.006014576462544741,-0.005663987450554111,24927.500669778652,-30466.468483971166,401545,510705
block1,87,917722,1468,-0.006069253316812374,-0.005657491935200481,24967.13594375752,-30537.02323616919,399823,509156
block1,88,914455,1468,-0.006128956742395616,-0.005901031079824002,24996.465216509136,-30601.120354376526,398027,507820
block1,89,911212,1468,-0.0061723181762200485,-0.005609451577309003,25029.79673581729,-30654.087125807207,396400,506302
block1,90,908009,1468,-0.006224648674801384,-0.005709295717093765,25072.46292220584,-30724.49994076361,395070,504649
block1,91,904672,1468,-0.006291705029326963,-0.005878450251581681,25095.660694654856,-30787.590066946203,393177,503152
block1,92,901506,1468,-0.006353631579949212,-0.00599010021356188,25122.080515533627,-30849.91750664734,391544,501669
block1,93,898269,1468,-0.006415003645638761,-0.005997289138033635,25146.16739253394,-30908.566302298364,390101,500044
block1,94,894866,1468,-0.006493978280010141,-0.0061701218285277505,25165.565585675948,-30976.805953195533,388100,498660
block1,95,891645,1468,-0.006534402738591472,-0.006177447647556893,25200.449217624977,-31026.81674747641,386452,497231
block1,96,888148,1468,-0.006572308678764259,-0.00651203281896804,25236.57819031545,-31073.760998742546,384525,495511
block1,97,885081,1468,-0.006588807827775089,-0.006337066846607772,25292.74769079806,-31124.376311813034,383093,494039
block1,98,881744,1468,-0.006621594084448235,-0.006418096621497924,25334.999991195018,-31173.550845592694,381271,492433
block1,99,878321,1468,-0.006696373798433808,-0.006259476933608876,25345.613679691196,-31227.179410705416,379696,490821
block1,100,875370,1468,-0.006762761072351635,-0.00624325095867457,25364.55889675635,-31284.47705666084,378193,489383
block1,101,872131,1468,-0.006818057182628607,-0.00625351772881686,25389.42537650098,-31335.664405244013,376354,488180
block1,102,868837,1468,-0.0068779766979546126,-0.006376732713182712,25396.863555844982,-31372.70419616576,374302,486768
block1,103,865668,1468,-0.00694526825816891,-0.006351528858869554,25405.60802968558,-31417.904512198143,372874,485132
block1,104,862428,1468,-0.0069983083081782815,-0.006319311339808151,25416.627273271657,-31452.164310877313,371190,483655
block1,105,859191,1468,-0.007061169558757646,-0.006244383931550501,25423.311814659184,-31490.20514901775,369515,482137
block1,106,856044,1468,-0.0070997557826769165,-0.006550480394763456,25445.02871991638,-31522.73205914223,367909,480544
block1,107,852592,1468,-0.007139558455673176,-0.006523364092346235,25469.781090372475,-31556.91151321177,366238,479171
block1,108,849609,1468,-0.007186992454225832,-0.006394862505495221,25487.018126798994,-31593.15159884132,364695,477573
block1,109,846316,1468,-0.007225444389028714,-0.006435249949771159,25497.491508176125,-31612.500701721397,362908,476163
block1,110,842994,1468,-0.0072809191709829555,-0.006448762116839778,25497.93183619468,-31635.70301181828,361189,474547
block1,111,839716,1468,-0.007349813807873119,-0.006665249537807797,25492.044081647593,-31663.800333139574,359364,473188
block1,112,836526,1468,-0.007393268710257533,-0.006418518647850971,25509.383527218062,-31694.04502833499,357627,471867
block1,113,833466,1468,-0.007412591281012855,-0.0066887927272272565,25535.554459508745,-31713.69726412924,356135,470359
block1,114,830168,1468,-0.00745513248499061,-0.00650504847071637,25539.613295164458,-31728.625719964173,354255,469072
block1,115,826791,1468,-0.007521327257668757,-0.006791880722448058,25522.006441113554,-31740.57212580879,352860,467016
block1,116,823741,1468,-0.007569852722357302,-0.006509244761264606,25527.830955820715,-31763.4290071881,351054,465988
block1,117,820356,1468,-0.007620701584806579,-0.0068145263141076015,25529.85577706823,-31781.54404637384,349158,464350
block1,118,817251,1468,-0.007648006380076946,-0.006589777906095046,25542.995907620814,-31793.336769744998,347770,462826
block1,119,814007,1468,-0.007702254794742074,-0.00685076176125791,25541.104016292084,-31810.793334995782,345998,461318
block1,120,810722,1468,-0.00772926342950087,-0.006727134431872563,25551.222844860244,-31817.50675095211,344343,459799
block1,121,807458,1468,-0.007785768983442246,-0.006599423448028576,25538.303312967957,-31824.984764800207,342630,458306
block1,122,804350,1468,-0.007848054257552117,-0.00704819302751637,25532.556252789815,-31845.138694851863,341050,456726
block1,123,801071,1468,-0.007884573577943097,-0.006995767371207522,25538.000380552516,-31854.10362120893,339596,454958
block1,124,797888,1468,-0.007919414566967235,-0.006892614011669194,25536.441477179313,-31855.247327187753,338329,453055
block1,125,794780,1468,-0.007981310969433773,-0.007070659249266628,25531.839872057823,-31875.226204344388,336700,451831
block1,126,791596,1468,-0.008032702259632192,-0.007049178978620517,25520.663611352546,-31879.318589268325,335025,450308
block1,127,788359,1468,-0.008062320938894656,-0.00699194582488306,25515.36611679766,-31871.36938986362,333489,448735
block1,128,785282,1468,-0.00808585218624881,-0.0069315838159901486,25522.17248225327,-31871.846658775095,331947,447142
block1,129,782083,1468,-0.008125941624588578,-0.007203359235932126,25517.19597074268,-31872.3567743258,330525,445498
block1,130,778765,1468,-0.008172707607384389,-0.007409192936465287,25503.268162761135,-31867.88680262575,328699,444068
block1,131,775481,1468,-0.008249142341738994,-0.007380113288261087,25477.01105425432,-31874.06420656843,327117,442422
block1,132,772264,1468,-0.008295926280211585,-0.007204210779488574,25459.83152199603,-31866.476734857373,325511,440875
block1,133,769171,1468,-0.008328133120948322,-0.007215407870159962,25457.07745971763,-31862.835940490615,323866,439505
block1,134,766126,1468,-0.008369994373512678,-0.00732996877824584,25448.655067467043,-31861.12537686887,322485,437828
block1,135,762980,1468,-0.008381993732854712,-0.007124194731055372,25448.38510011988,-31843.67867841328,321060,436221
block1,136,759734,1468,-0.008424672367011998,-0.007124863329211395,25431.58058000011,-31832.09061607955,319479,434632
block1,137,756633,1468,-0.008491425424484457,-0.007300439375289301,25403.919887612545,-31828.812580816444,318006,432878
block1,138,753303,1468,-0.008519973916596478,-0.0070113048855473025,25389.503445537346,-31807.62535683112,316442,431239
block1,139,750179,1468,-0.008560059658999551,-0.007221914874970143,25379.765974651404,-31801.34296957999,314822,429740
block1,140,747241,1468,-0.00860454549308157,-0.007295356800647797,25369.65626722697,-31799.32544602259,313354,428311
block1,141,743954,1468,-0.008625485526510416,-0.007538894639372787,25360.126371883838,-31777.090831273497,312174,426301
block1,142,740854,1467,-0.008672141959974074,-0.007552286737372053,25338.388450651284,-31763.179510266003,310653,424671
block1,143,737795,1468,-0.008699798001068761,-0.007660833284683556,25323.122074065668,-31741.789540264137,309300,423098
block1,144,734508,1467,-0.008723880140707865,-0.007717989107131786,25312.260714102234,-31720.020468493367,307622,421516
block1,145,731353,1468,-0.008757626131558859,-0.007540815852084958,25298.209014925294,-31703.12515911915,306042,419871
block1,146,728003,1468,-0.00878830740638297,-0.0078073724540353015,25269.565829258678,-31667.47998602767,304413,418310
block1,147,724842,1468,-0.008850689070007222,-0.007970530604099715,25238.01434900371,-31653.365515885864,302940,416713
block1,148,721698,1468,-0.008912560308078599,-0.00797514057521023,25198.25070696811,-31630.427656187727,301526,414989
block1,149,718712,1468,-0.008946354837318338,-0.0077946584757195595,25174.94556155734,-31604.798139395913,299894,413654
block1,150,715465,1468,-0.008985626142218038,-0.007801398884225769,25146.777834389937,-31575.678842232035,298063,412202
block1,151,712463,1468,-0.009002971583982436,-0.007951359931999894,25136.346693128082,-31550.63083676715,296645,410771
block1,152,709228,1468,-0.009007843903306173,-0.008049449065623875,25128.977602779432,-31517.592718633397,295117,409138
block1,153,705981,1467,-0.00902748214218437,-0.008031889350693804,25099.834431248295,-31473.065301469796,293555,407433
block1,154,702820,1467,-0.009058851271444707,-0.007656318177215056,25074.364328802756,-31441.106179399554,292099,405684
block1,155,699710,1468,-0.009112297178912147,-0.007985069406658843,25022.48249453993,-31398.44795359651,290746,404163
block1,156,696442,1467,-0.009147237170625499,-0.00820282115816502,24986.053887647176,-31356.574037231883,289270,402283
block1,157,693466,1467,-0.009178905382729077,-0.008248956597927319,24961.152861896866,-31326.411662036306,287947,400704
block1,158,690169,1468,-0.009231950702702,-0.007933437250739517,24917.48078845963,-31289.086972992816,286266,399247
block1,159,686908,1468,-0.009251231730478777,-0.007915603351607067,24889.37620585857,-31244.121291378295,284840,397452
block1,160,683853,1468,-0.00929925159059227,-0.008008392851876045,24855.74519007709,-31215.066288058402,283296,395841
block1,161,680698,1468,-0.009320315121083401,-0.008135978484008247,24821.850216006318,-31166.17007829762,281805,394159
block1,162,677582,1468,-0.00935536540671442,-0.008481086743742565,24790.985154219787,-31130.012357232237,280457,392535
block1,163,674472,1468,-0.009419629821177763,-0.008483512442486742,24738.416018399774,-31091.692583149255,278951,390979
block1,164,671418,1468,-0.0094567497049116,-0.008189098875283629,24706.389929000656,-31055.821902373063,277471,389302
block1,165,668192,1468,-0.009505300456010415,-0.008413690129164828,24659.06749440373,-31010.43321670628,276185,387469
block1,166,665140,1468,-0.009531008178768105,-0.008566405066587743,24628.57527189554,-30968.03005192131,274684,385930
block1,167,662003,1467,-0.009560496451758674,-0.008756702784474756,24599.840093212923,-30928.917425766555,273058,384421
block1,168,658929,1468,-0.009611565147774054,-0.008392619434010455,24551.534004356676,-30884.873015614306,271674,382895
block1,169,655730,1467,-0.009670228578971951,-0.00857782294305144,24495.2225222895,-30836.281508378666,270221,381112
block1,170,652849,1468,-0.009721775753785694,-0.00853621498544921,24450.907886339122,-30797.75946542233,268855,379501
block1,171,649555,1468,-0.009767149339165254,-0.008613664498244489,24404.66283550219,-30748.9635245036,267059,378104
block1,172,646605,1467,-0.009760418397891721,-0.008679202109182299,24395.297811267254,-30706.43314943616,265943,376349
block1,173,643507,1468,-0.00978784092129211,-0.008760786805072645,24358.203635869537,-30656.74778360736,264505,374637
block1,174,640377,1468,-0.009844824853687104,-0.008766553735363834,24298.6992400976,-30603.098645427108,262884,373173
block1,175,637047,1468,-0.009883283416143357,-0.008812041835116507,24246.93773262337,-30543.053783027168,261301,371472
block1,176,633853,1467,-0.00991598409527344,-0.008647823039952564,24200.55028964142,-30485.82655638279,260085,369542
block1,177,630928,1467,-0.009965822998727404,-0.008856048435498838,24153.98189073512,-30441.698663676267,258766,368092
block1,178,627909,1467,-0.009998379553165088,-0.008786508283807384,24111.197341119132,-30389.269847967502,257046,366670
block1,179,624814,1464,-0.010038090664294579,-0.008889815522084517,24054.55759027792,-30326.49717059861,255823,364832
block1,180,621705,1464,-0.010103587547910393,-0.008491541621667103,23991.1396619936,-30272.59055846724,254353,363159
block1,181,618372,1464,-0.010165435377540754,-0.008791625848019898,23920.931572511872,-30206.95217779248,252574,361667
block1,182,615204,1464,-0.010192669159013493,-0.008773849533181945,23867.620618209654,-30138.191455511434,251356,359809
block1,183,612241,1464,-0.010217526157076289,-0.008851232802589627,23829.1648371292,-30084.75326906377,250101,358157
block1,184,609044,1464,-0.010241251914138159,-0.008702348632749374,23777.80403800432,-30015.177068798825,248675,356474
block1,185,605808,1463,-0.01028510440148866,-0.008820346559077255,23707.125967775857,-29937.924495032916,247120,354725
block1,186,602555,1464,-0.0103493321767611,-0.008835968677690442,23635.970983537296,-29872.01283330553,245625,353049
block1,187,599461,1464,-0.010417508243897939,-0.00901752483701742,23563.9380810862,-29808.827990481474,244231,351407
block1,188,596460,1464,-0.01043231303489364,-0.008833462246988985,23514.347970646042,-29736.805403438677,242947,349715
block1,189,593411,1464,-0.010461459509408964,-0.00909967930819267,23463.908708329607,-29671.85385726745,241667,347964
block1,190,590210,1464,-0.01052839438919832,-0.008961413780615258,23391.756455316376,-29605.720107765177,240129,346314
block1,191,586964,1464,-0.010595761220044122,-0.009162782448240302,23317.68008429527,-29537.010473057282,238523,344698
block1,192,584027,1464,-0.010640235178935932,-0.009104049963414943,23255.62175110191,-29469.80638195026,237306,343032
block1,193,580932,1464,-0.01070380733518632,-0.009327984871653433,23182.971146037886,-29401.155348882407,235630,341550
block1,194,577747,1464,-0.010710238392752919,-0.009212749224013004,23130.8145178757,-29318.622618573638,234272,339820
block1,195,574823,1463,-0.010775049302533748,-0.009255641120650165,23053.787584392856,-29247.53374962319,233013,338264
block1,196,571602,1463,-0.010830398875614693,-0.009412379994408394,22973.053393318423,-29163.731051417584,231416,336605
block1,197,568598,1464,-0.010886225671021573,-0.009304153565718568,22902.485429604374,-29092.371573695975,229959,335119
block1,198,565450,1464,-0.010918722417915722,-0.009094045879191234,22842.74398399665,-29016.735575207036,228463,333423
block1,199,562388,1464,-0.010959121399852919,-0.009178632553096512,22780.869452658524,-28944.14781847903,226987,331883
block1,200,559101,1463,-0.010980625315300719,-0.00958487446317377,22719.303969164655,-28858.582563574695,225550,330084
block1,201,556041,1464,-0.011075086835922352,-0.00946822267863018,22627.213368513,-28785.415727846026,224292,328309
block1,202,552855,1464,-0.011111294116600468,-0.009016779938352693,22556.277835159723,-28699.212343992756,222856,326542
block1,203,549571,1463,-0.011161302013175984,-0.009330234115976624,22482.237013322887,-28616.164922005915,221572,324662
block1,204,546663,1464,-0.011191237241726187,-0.009283060571169828,22425.903844871707,-28543.73916914545,220220,323020
block1,205,543470,1463,-0.011197946071152865,-0.00938639698156045,22371.108704958817,-28456.85645624824,218795,321267
block1,206,540247,1463,-0.011245676089584182,-0.009703848277495682,22292.91967185077,-28368.362442220376,217385,319561
block1,207,537218,1464,-0.011271165424633613,-0.009272850832468217,22224.234325502726,-28279.30727259351,216089,317776
block1,208,534063,1463,-0.011316089487759116,-0.009532459541683502,22144.462693583584,-28187.96739368467,214723,316107
block1,209,530931,1460,-0.011371053258208851,-0.009697711354605678,22068.979207051078,-28106.22388448529,213268,314397
block1,210,527843,1460,-0.0114082588101814,-0.009718947446704672,21996.045333137532,-28017.814888280172,211911,312685
block1,211,524770,1460,-0.011442656402068272,-0.009589316972731302,21930.53549782411,-27935.298297937494,210738,310797
block1,212,521683,1460,-0.011511211112888543,-0.009603563476698681,21844.02005126704,-27849.22319827214,209338,309197
block1,213,518496,1459,-0.01160540977873181,-0.009675679265029068,21745.421274204924,-27762.77982283833,207912,307472
block1,214,515348,1460,-0.011644817838159625,-0.009570376941007739,21677.02158317044,-27678.15516643037,206510,305743
block1,215,512227,1460,-0.011690573190039116,-0.00983943248876124,21602.296658258278,-27590.52389167243,205296,303870
block1,216,509066,1460,-0.01171255281929968,-0.009761267715942226,21534.16881932967,-27496.63123283924,203904,302160
block1,217,506145,1460,-0.011765240713279959,-0.00982451146710781,21465.70950807428,-27420.627268897337,202539,300622
block1,218,503009,1460,-0.01183434473486834,-0.010103996062064746,21371.724983461263,-27324.506894202586,201117,298894
block1,219,499882,1460,-0.011854939419537532,-0.01011157106904285,21294.35591573111,-27220.426742648313,200081,296886
block1,220,496824,1460,-0.011945678531524943,-0.009833953083286003,21199.901126783534,-27134.800917529934,198507,295518
block1,221,493758,1460,-0.011976966462788967,-0.009669307764450692,21126.55036257941,-27040.27336931306,197239,293697
block1,222,490671,1460,-0.011999807367278494,-0.010305655578795448,21055.236344820652,-26943.193825530652,196001,291894
block1,223,487641,1460,-0.012112496687506871,-0.010092041146621438,20953.71524443442,-26860.26524162699,194594,290270
block1,224,484536,1460,-0.012143406211146941,-0.010186791402090346,20875.99521979492,-26759.912691719266,193270,288505
block1,225,481455,1460,-0.012195867760425118,-0.010256919533790636,20791.014378833584,-26662.775891428995,191875,286821
block1,226,478416,1460,-0.012207549746915881,-0.010657770564743567,20720.543368851875,-26560.830488572305,190707,284979
block1,227,475271,1459,-0.012206486011159697,-0.01018239076257643,20655.951964043164,-26457.340777053065,189482,283104
block1,228,472155,1460,-0.012264328008481757,-0.010413497611454556,20569.699978995483,-26360.363769840158,188029,281449
block1,229,469171,1460,-0.012314529316509313,-0.010269147995920946,20480.930902767395,-26258.550936723295,186678,279802
block1,230,466007,1460,-0.012400038658937152,-0.010289001113259566,20384.589810419195,-26163.094625754602,185228,278128
block1,231,463022,1460,-0.01244907387692267,-0.010674235266277452,20294.47592850624,-26058.67101314666,184087,276329
block1,232,459876,1460,-0.012553466400420559,-0.01022325452344049,20182.683360396666,-25955.721274756415,182757,274517
block1,233,456717,1460,-0.012601186414857668,-0.010385559255627152,20084.501886461578,-25839.67794229616,181445,272716
block1,234,453702,1460,-0.012689461486728044,-0.010529659377544385,19979.47218385555,-25736.706239307045,180201,270920
block1,235,450506,1460,-0.01276882243258289,-0.010755417346624021,19870.66487556125,-25623.095994374453,178686,269329
block1,236,447354,1460,-0.012798884418964871,-0.010675193993222061,19777.266949018667,-25502.899089380375,177531,267310
block1,237,444141,1460,-0.012818551345936237,-0.010512814038289547,19692.79392558227,-25386.038138917676,176171,265572
block1,238,441080,1460,-0.01285451448845822,-0.010560065136932053,19608.057806633115,-25277.927057202287,174833,263891
block1,239,438022,1460,-0.012894466496372355,-0.010575720388151997,19523.677634275205,-25171.73763794915,173503,262160
block1,240,434857,1460,-0.01295489806744887,-0.010421463422463936,19425.74508953141,-25059.273198447965,172132,260431
block1,241,431757,1460,-0.012995266687434798,-0.010715284846513821,19333.425151999454,-24944.222511166317,170959,258501
block1,242,428747,1460,-0.01303365111023024,-0.010946249369318673,19243.280277304206,-24831.419089862196,169718,256722
block1,243,425575,1460,-0.013079468969340256,-0.010837742230681069,19137.85803411547,-24704.153040742432,168408,254876
block1,244,422436,1460,-0.013189054385849157,-0.010715316567085643,19019.869899729358,-24591.40127826987,167072,253120
block1,245,419299,1460,-0.013293456020854475,-0.010928794658736895,18901.64768889527,-24475.580504983533,165752,251290
block1,246,416157,1460,-0.013382386496937878,-0.011540044728791702,18789.832974428016,-24359.006791834156,164299,249673
block1,247,413165,1460,-0.01346269166690371,-0.011424489567636418,18688.029443941457,-24250.342446497765,163015,247887
block1,248,409961,1460,-0.013503881898574594,-0.011147453892696233,18591.981551516295,-24128.046478537864,161650,246115
block1,249,406929,1460,-0.013515834287994159,-0.011346606328895241,18505.597885018527,-24005.58281599765,160503,244326
block1,250,403743,1460,-0.013574430197409282,-0.01123753979187846,18403.859479924875,-23884.440651117508,159224,242501
block1,251,400580,1460,-0.01364431751466491,-0.011369474841257403,18290.25787796443,-23755.898587988962,157852,240617
block1,252,397332,1460,-0.013704337044537895,-0.011030901752639101,18177.52663394628,-23622.698280526616,156476,238786
block1,253,394382,1460,-0.013762445657455215,-0.011287738954386051,18080.34830333856,-23508.00914661707,155322,236965
block1,254,391227,1459,-0.013804268181834143,-0.011353894489521068,17979.701674594082,-23380.30410256856,154011,235186
block1,255,388277,1459,-0.013831173917123659,-0.011711735838410366,17894.35569582814,-23264.682410847145,152904,233381
block1,256,385098,1460,-0.013887217848068881,-0.01158582478861459,17782.058070455354,-23129.99788931104,151523,231570
block1,257,381932,1460,-0.013986042412114891,-0.011573398243247738,17658.91379892928,-23000.630949473074,150285,229664
block1,258,378977,1460,-0.014107704381634825,-0.011207994735554085,17536.951311646466,-22883.446795085238,148869,228128
block1,259,375786,1460,-0.014179349092347273,-0.01126787239508787,17422.230234846007,-22750.631112862833,147599,226231
block1,260,372583,1459,-0.014190950865394727,-0.011825986029030573,17325.268118568438,-22612.57516484984,146303,224355
block1,261,369515,1460,-0.01421580651474959,-0.011445071532036732,17228.302131849487,-22481.255876147192,145185,222471
block1,262,366461,1459,-0.014282310662304832,-0.011985047829136288,17120.338554628946,-22354.24840224782,143879,220728
block1,263,363272,1460,-0.014336584711626413,-0.012025023074390493,17007.72496660384,-22215.804767965725,142579,218815
block1,264,360156,1459,-0.014408846280100597,-0.012060471118799392,16892.97536602557,-22082.407806881525,141376,216982
block1,265,357004,1460,-0.014482106781979958,-0.011617465183578512,16776.394080395617,-21946.5641299896,140016,215197
block1,266,353865,1460,-0.01453028341661248,-0.011786788348120877,16671.31769323183,-21813.076434451366,138681,213417
block1,267,350790,1460,-0.01462412100280572,-0.01171379366930781,16552.80194621654,-21682.79735279074,137245,211767
block1,268,347677,1460,-0.014693932390880531,-0.011774801344216225,16439.46441031809,-21548.206742182243,135908,210056
block1,269,344555,1460,-0.014776092357598148,-0.01181367875396081,16325.706250848672,-21416.88275312091,134588,208317
block1,270,341533,1460,-0.01486262384235772,-0.012408600789089216,16207.33604198782,-21283.41255073967,133288,206602
block1,271,338295,1460,-0.014876329463521878,-0.012232072595897434,16098.194064485262,-21130.781940347366,131900,204708
block1,272,335094,1460,-0.014950596871869644,-0.01262689153542398,15976.55700040124,-20986.412308583574,130431,202944
block1,273,331910,1460,-0.014984861797520432,-0.012398825581243514,15859.231587222846,-20832.85706643788,129205,201083
block1,274,328770,1460,-0.014997562536394757,-0.012035870139581085,15756.672114136738,-20687.420749227265,127900,199274
block1,275,325551,1460,-0.015035314401045496,-0.012254258756894156,15646.591190747107,-20541.352829321924,126489,197513
block1,276,322541,1460,-0.015033049712952752,-0.012432183964871573,15550.985982390472,-20399.760869855974,125198,195755
block1,277,319244,1460,-0.015093295373370147,-0.012320471067289824,15427.331549090717,-20245.775537266833,123863,193868
block1,278,316152,1460,-0.015132213676273907,-0.012301030090392531,15315.01847442073,-20099.098092602057,122455,192175
block1,279,312966,1460,-0.015191649389452395,-0.012625299493827005,15193.891138759871,-19948.360881579294,121162,190285
block1,280,309847,1460,-0.01529030883572865,-0.012650105787972562,15063.711382290781,-19801.3677041148,119847,188505
block1,281,306625,1460,-0.01532422285455035,-0.012744008486109305,14942.255677695575,-19641.04551047204,118620,186614
block1,282,303517,1460,-0.015416906953118986,-0.0128563383423644,14820.367348913584,-19499.660696603383,117403,184734
block1,283,300356,1460,-0.015520976245602093,-0.012789815968511371,14689.632147965538,-19351.450489189574,116053,182926
block1,284,297255,1460,-0.015519396058818788,-0.012765030338525404,14579.90400770155,-19193.122083165785,114688,181183
block1,285,294090,1460,-0.01560926607058993,-0.013102098474758881,14457.786194928558,-19048.315253628356,113318,179377
block1,286,290856,1460,-0.01563612531115665,-0.01276797899011189,14336.402008643594,-18884.262872145377,111971,177499
block1,287,287703,1460,-0.01573337495245352,-0.013481049579093036,14205.193125899445,-18731.732299845113,110714,175602
block1,288,284513,1459,-0.015816217242935526,-0.012832707716730998,14073.24949854247,-18573.168914981758,109447,173744
block1,289,281367,1460,-0.015883889225435148,-0.012653626860439885,13946.887223586293,-18416.089483279193,108179,171871
block1,290,278263,1460,-0.01599041910481454,-0.013323856246721803,13813.693958582267,-18263.235949945312,106888,170077
block1,291,275101,1460,-0.016001680635692062,-0.013623463599857997,13700.184723424549,-18102.263067984044,105696,168105
block1,292,271959,1460,-0.01600007562726739,-0.013269782797070886,13581.019394900943,-17932.38396241691,104436,166284
block1,293,268810,1459,-0.01608060745761292,-0.01294161797908091,13445.339587549459,-17767.967678230354,103218,164393
block1,294,265626,1459,-0.016161552817117238,-0.01343193390675515,13316.031901907196,-17608.960530506753,101902,162524
block1,295,262459,1460,-0.016248388190340652,-0.014297448663566862,13177.798182059962,-17442.333898108536,100548,160673
block1,296,259308,1460,-0.016361521593214277,-0.01408253744848841,13036.740785770598,-17279.414227063833,99262,158855
block1,297,256093,1460,-0.016433843174433114,-0.014599975638981733,12903.5321657038,-17112.124365773943,97958,156955
block1,298,252922,1460,-0.016552604540818007,-0.014247673357779633,12752.494585938723,-16939.012431611554,96654,155119
block1,299,249695,1460,-0.016592810146796696,-0.013281207557185782,12620.455338213522,-16763.597067817936,95301,153270
block1,300,246543,1460,-0.016602895633467698,-0.013332110122997495,12489.793956467565,-16583.121654629602,94275,151201
block1,301,243294,1460,-0.01662536857484772,-0.013334098683927058,12359.597973259333,-16404.45039530839,92844,149322
block1,302,240169,1460,-0.01660105346858288,-0.01352275607749868,12238.422119104769,-16225.480529600854,91589,147538
block1,303,237058,1458,-0.016716820465489463,-0.013587775345832753,12095.679144253188,-16058.535170161178,90290,145685
block1,304,233906,1458,-0.016804621726159104,-0.013670576764266643,11953.231280897138,-15883.933130376081,89210,143631
block1,305,230629,1460,-0.016919204613433707,-0.013561175381117322,11814.438679325382,-15716.497920116992,87774,141773
block1,306,227435,1459,-0.01694156940281548,-0.013425899772738809,11685.427304637153,-15538.533141766467,86574,139852
block1,307,224269,1459,-0.016909938155546384,-0.013777684958622959,11564.312643500027,-15356.687563706271,85370,137870
block1,308,221089,1458,-0.016899161373966038,-0.013942929641863402,11442.984390726504,-15179.203079735305,84025,135993
block1,309,217926,1459,-0.01703545518235771,-0.013805749406431426,11295.407439368426,-15007.87604543894,82681,134266
block1,310,214709,1459,-0.017094281156701866,-0.013914147870184582,11153.79275781394,-14824.088770688235,81374,132357
block1,311,211569,1458,-0.017115766982728174,-0.014044553480131445,11018.142592479344,-14639.308297248135,80092,130526
block1,312,208330,1459,-0.017158334171131145,-0.013922577513695102,10879.218334030746,-14453.814091902515,78793,128604
block1,313,205169,1459,-0.017262004150109523,-0.01414409355610322,10730.793896080906,-14272.42202555473,77570,126655
block1,314,201941,1459,-0.017397169454401656,-0.013704308822472176,10576.334144279666,-14089.535941070988,76341,124724
block1,315,198743,1460,-0.017613623245041222,-0.014293494068972463,10411.200566397665,-13911.78489098691,74994,122858
block1,316,195477,1459,-0.017708615676168396,-0.014195872988025772,10259.524050637228,-13721.151117167597,73717,120893
block1,317,192213,1460,-0.017748180769044365,-0.014072363232797614,10117.801002497674,-13529.232072658013,72394,118945
block1,318,189030,1459,-0.017776124470107353,-0.014711398408907148,9985.556320474892,-13345.777129059332,71170,117028
block1,319,185764,1459,-0.017895123764577442,-0.014967097462088578,9833.530706097928,-13157.800477100895,69771,115166
block1,320,182668,1459,-0.01800031616627663,-0.014492060527708853,9687.6782245936,-12975.759978055034,68616,113281
block1,321,179426,1460,-0.018104679839650268,-0.015506703007981973,9536.741524591513,-12785.191809500597,67386,111296
block1,322,176250,1459,-0.018230080119816125,-0.01543801240116386,9384.976941349873,-12598.028562467465,66102,109350
block1,323,173036,1460,-0.018192521161198124,-0.015121119734237352,9249.754321180442,-12397.715412829524,64812,107441
block1,324,169771,1459,-0.018219757713174713,-0.01534575118920849,9105.280432109796,-12198.466918833192,63616,105447
block1,325,166571,1459,-0.018338252910900105,-0.015381630061035238,8945.995298299931,-12000.616423921447,62341,103555
block1,326,163290,1458,-0.01843727957978037,-0.015727523290150522,8790.150995976925,-11800.774378559288,61075,101481
block1,327,160053,1459,-0.01859749060956149,-0.015654183447216814,8634.090981804353,-11610.675146336524,59854,99549
block1,328,156881,1460,-0.018635786435900078,-0.0161654152833545,8492.600059713588,-11416.200871564006,58536,97635
block1,329,153576,1458,-0.018659082996237288,-0.016085860781369653,8340.530769849385,-11206.118100079531,57278,95601
block1,330,150360,1460,-0.018730210070268115,-0.01578558783804243,8191.87591298912,-11008.150299154631,56089,93659
block1,331,147085,1460,-0.01880337516069905,-0.016323407640528257,8039.221042167238,-10804.915477678627,54697,91746
block1,332,143772,1458,-0.01895291261164256,-0.015789659666435443,7869.945429428701,-10594.843581429795,53337,89836
block1,333,140499,1458,-0.019023876072296744,-0.015655431432657647,7710.331586436048,-10383.167150717698,52185,87711
block1,334,137224,1460,-0.019006730739588144,-0.01595520365892331,7556.862389382664,-10165.042008391943,50888,85742
block1,335,133921,1459,-0.01911572941594137,-0.015741915206962092,7383.242559884884,-9943.24015899715,49625,83730
block1,336,130595,1460,-0.01927549578501705,-0.016160042537032317,7214.114685776343,-9731.39805782062,48273,81777
block1,337,127288,1459,-0.019435722460518667,-0.016244082694297283,7044.703874489854,-9518.638115044345,46980,79780
block1,338,124106,1459,-0.019608307979180322,-0.016777772921676863,6878.857249655155,-9312.365919719323,45732,77892
block1,339,120737,1460,-0.019653403054042038,-0.017201895965182793,6719.76348844156,-9092.65641297745,44405,75858
block1,340,117452,1459,-0.01983615990147317,-0.017411644702541695,6546.604905742144,-8876.401558489943,43141,73845
block1,341,114115,1459,-0.019961161142692446,-0.017393282508172386,6377.9227748360845,-8655.790678634434,41844,71800
block1,342,110814,1459,-0.020152420956628083,-0.016978255880425376,6202.071794019972,-8435.242169907742,40562,69774
block1,343,107563,1459,-0.020355337542837724,-0.01718648546796841,6024.235560118474,-8213.716732238721,39307,67784
block1,344,104241,1459,-0.020464700874894246,-0.01737281553190844,5854.953657087585,-7988.214540987421,38016,65773
block1,345,100871,1459,-0.020569806087745248,-0.017689920814114433,5680.821170361616,-7755.718080238589,36789,63668
block1,346,97622,1459,-0.02061164187330404,-0.017665152886850354,5518.724283055089,-7530.873986010761,35444,61749
block1,347,94301,1459,-0.020974878970694343,-0.018131825010147467,5332.289223416442,-7310.241285231902,34207,59678
block1,348,90912,1459,-0.021313003424913875,-0.01898891265517234,5140.91170447704,-7078.519471842813,32907,57619
block1,349,87526,1458,-0.021534618041723286,-0.01978705468956048,4954.640953729867,-6839.479932449748,31599,55574
block1,350,84145,1458,-0.021834128848852438,-0.0195216144050329,4764.168571629907,-6601.401343616603,30269,53505
block1,351,80780,1458,-0.022041161868560994,-0.019224398543828583,4582.672633248044,-6363.157688990391,29029,51414
block1,352,77426,1458,-0.022391574701644833,-0.01949719854855052,4393.484934264866,-6127.174997114412,27717,49376
block1,353,74033,1458,-0.022603776151116292,-0.02048288582485358,4210.636512327054,-5884.061872122645,26454,47277
block1,354,70678,1456,-0.022740955996226664,-0.02063535550357006,4038.403013335557,-5645.68830123684,25196,45171
block1,355,67329,1456,-0.02285925235558571,-0.019990207989972336,3859.0242661557104,-5398.114868004943,23921,43133
block1,356,63915,1454,-0.023125077281085087,-0.01843537062541523,3666.759580264209,-5144.798894684759,22635,41033
block1,357,60550,1448,-0.02346209769771423,-0.017763695753611444,3476.9442345638236,-4897.57425016041,21341,38961
block1,358,57182,1443,-0.02398930874933924,-0.018173876948042747,3276.6817257946204,-4648.438378699336,20105,36844
block1,359,53750,730,-0.024304524382861313,-0.01974034383887777,3085.6342208025108,-4392.002406381313,18841,34696
block1,360,51932,730,-0.024403485628904143,-0.019359674006518324,2990.824495509496,-4258.146311189749,18159,33568
block1,361,50187,730,-0.02450184361759612,-0.017951941279981867,2895.7820303746653,-4125.456056010965,17522,32454
block1,362,48470,730,-0.024526069798474548,-0.017973732173252065,2805.4411607165393,-3994.2197638486014,16915,31335
block1,363,46692,730,-0.024790584604489123,-0.01788011070299486,2701.3257353109666,-3858.847711663776,16295,30189
block1,364,44944,730,-0.025171701513310475,-0.020196871799672632,2596.2354305619974,-3727.5523833762304,15641,29108
block1,365,43151,730,-0.025108710779377184,-0.020136068510873708,2506.077098551213,-3589.5430773921134,15077,27898
block1,366,41368,730,-0.02526989402760831,-0.019533200187184085,2408.959071207933,-3454.32404734203,14439,26744
block1,367,39568,730,-0.025539913416889003,-0.01945580823150262,2307.2338254635206,-3317.797119542983,13810,25595
block1,368,37823,730,-0.025605156468377868,-0.020660235262186633,2208.863101132014,-3177.3269342354693,13211,24463
block1,369,36035,730,-0.025774854218720947,-0.022625946495530076,2106.429717644785,-3035.2265894163957,12594,23281
block1,370,34277,730,-0.025873248644412372,-0.022623336469842804,2010.09480089122,-2896.952144675741,11917,22220
block1,371,32511,730,-0.025859775434670183,-0.022626848709122436,1914.2127683361718,-2754.9399274927373,11302,21057
block1,372,30762,730,-0.025867561633335805,-0.020729779435854984,1819.5616925356344,-2615.2996235003066,10706,19922
block1,373,28978,730,-0.02580816342215437,-0.020957810434125864,1724.247907642612,-2472.1168672897993,10059,18787
block1,374,27187,730,-0.026341292045163726,-0.022193108997601785,1613.6873102671827,-2329.8280170990492,9431,17643
block1,375,25416,730,-0.026745395052175356,-0.02357178222482927,1507.6846915276988,-2187.4456521737866,8797,16489
block1,376,23686,730,-0.027109820711221106,-0.02352097993569399,1404.5365095086731,-2046.6597228746602,8169,15419
block1,377,21913,730,-0.027430715062483204,-0.023988674910188766,1301.7436128219617,-1902.832871986155,7538,14275
block1,378,20145,730,-0.02767035205073399,-0.024311697185472228,1199.467495186708,-1756.8867372487432,6918,13132
block1,379,18377,730,-0.027702283830437175,-0.025083486497400373,1099.5265265668365,-1608.6113965187799,6308,11967
block1,380,16576,730,-0.027811165339933018,-0.025167331292900136,997.9721815468549,-1458.9700582215835,5681,10806
block1,381,14788,730,-0.028098280486450578,-0.025715449004527546,894.1279049732325,-1309.645276806862,5049,9662
block1,382,13023,730,-0.028201655731869994,-0.026310957074915604,791.032486566736,-1158.3026491628798,4420,8538
block1,383,11230,730,-0.028672323739980764,-0.027713662641632084,686.3981199658643,-1008.3883155658484,3800,7373
block1,384,9432,730,-0.029709054977657006,-0.0274277617318342,573.2292519472768,-853.4450584965383,3186,6199
block1,385,7589,730,-0.030276826405397417,-0.028267827186973158,461.6357067088006,-691.406542299361,2557,5007
block1,386,5751,730,-0.03146793700383039,-0.030359934249999377,351.24354748132174,-532.2156531903511,1929,3795
block1,387,3903,730,-0.03280378702921249,-0.03097320180915654,238.9910575408774,-367.0242383158942,1307,2581
block1,388,1982,729,-0.033898277327210444,-0.0327736516918163,122.10263578168895,-189.28902144421966,650,1321
block2,0,577541,664,0.0,0.0,0.0,0.0,0,0
block2,1,531341,664,-0.000034291940589990675,5.359791776809167e-8,2617.908029475711,-2636.12874348074,241866,250558
block2,2,525904,664,-0.00010741227094365957,0.00007201285985705318,3514.2752434682334,-3570.763786406584,243177,254962
block2,3,521653,664,-0.00021198965089938769,-0.00011168031676099694,4139.780397295794,-4250.365434656413,242572,256689
block2,4,518624,664,-0.00031578957403483894,-0.00018874318851203086,4644.042847927397,-4807.81889997165,241772,257701
block2,5,517031,664,-0.0004374998003861842,-0.00026149627216736656,5117.130642739764,-5343.331602033225,241070,258755
block2,6,515406,664,-0.0005198835253320547,-0.0004223465915761591,5568.6889707378095,-5836.640058995095,241079,259028
block2,7,513456,664,-0.0005931163731069751,-0.0003554061203917655,5959.805880072621,-6264.345040542646,239943,259268
block2,8,511505,664,-0.0006890051646217065,-0.0006025817922373823,6300.769535968256,-6653.199122698084,239059,259230
block2,9,509158,664,-0.0007845995199200876,-0.0005108158602743815,6609.68311891325,-7009.168241276712,238041,258923
block2,10,507875,664,-0.0009095631693065494,-0.0008522448789867369,6913.051252030445,-7374.995646642016,237272,258916
block2,11,506457,664,-0.0010020958677526158,-0.0009141110339367422,7209.581700179646,-7717.10016707402,236687,258699
block2,12,504722,664,-0.001066884257819354,-0.0009273778008213086,7478.763304124883,-8017.243260499984,235640,258497
block2,13,502921,664,-0.0011650860395736055,-0.0009337703192133782,7719.918348174952,-8305.864584283356,234819,257938
block2,14,501142,664,-0.0012798951458333125,-0.0010482233461221234,7932.462037971869,-8573.87125114508,233782,257484
block2,15,499530,664,-0.0013950078009350802,-0.0012778821853566193,8138.314227141386,-8835.162473942506,233032,256979
block2,16,497853,664,-0.001515296119836583,-0.0012911512215071092,8343.315439709386,-9097.710158858374,231952,256675
block2,17,496253,664,-0.001610223870703025,-0.0014470307342527727,8543.613186307559,-9342.691612815519,230952,256252
block2,18,494737,664,-0.0016918760348318704,-0.0014752838578225567,8738.004665603234,-9575.038339447861,230286,255885
block2,19,493229,664,-0.0017694736595818704,-0.001456133742424318,8929.220549662043,-9801.976273303937,229553,255339
block2,20,491515,664,-0.0018874528430256018,-0.001526634157463432,9097.609930393235,-10025.32131453297,228655,254588
block2,21,490066,664,-0.00198776738428522,-0.001603841952577767,9269.621836181786,-10243.759047128895,227733,254286
block2,22,488484,664,-0.0020683961809690268,-0.0016351698670474567,9431.782406524442,-10442.160846588908,226824,253733
block2,23,487087,664,-0.0021586065895850518,-0.0016994124782645041,9576.659030212066,-10628.088238113298,226094,253387
block2,24,485467,664,-0.0022239068851072612,-0.0017036133374307885,9730.389758285388,-10810.023162077734,225131,252750
block2,25,483785,664,-0.002322401416760353,-0.001779810162326972,9872.034175851582,-10995.577145258998,224186,252423
block2,26,482197,664,-0.0024253970728526216,-0.0017523262523567143,10011.694139049065,-11181.21333138739,223255,251886
block2,27,480763,664,-0.002538306188252572,-0.0019415062788873832,10142.412622493188,-11362.736320476046,222492,251457
block2,28,479255,664,-0.0026146560994077138,-0.0020851501550109477,10275.070564882799,-11528.15757380441,221669,250807
block2,29,477679,664,-0.0026649697388384922,-0.0021544980615497214,10408.095733388589,-11681.095813267208,221034,250059
block2,30,476219,664,-0.0027079174468421824,-0.0020428819942177696,10535.73961189806,-11825.301350515827,220136,249626
block2,31,474394,664,-0.0027937394895706565,-0.002223021642539251,10645.39027091872,-11970.723522334096,218889,249121
block2,32,472976,664,-0.002889486912093437,-0.0025324814434400603,10759.87891150694,-12126.536873241235,217957,248817
block2,33,471422,664,-0.0029374751729033637,-0.0023603301992754537,10884.483636134099,-12269.274057094539,217338,247933
block2,34,469794,664,-0.0030073648323190637,-0.002417045127561788,10990.173057248427,-12403.015011282907,216407,247321
block2,35,468291,664,-0.0030303208937143607,-0.0024485543746649765,11109.705959571715,-12528.777961210151,215925,246476
block2,36,466952,664,-0.0030728910116313104,-0.0024602137692273534,11224.662483534368,-12659.555087197612,215026,245997
block2,37,465290,664,-0.003135360476354711,-0.002466985572694918,11325.781432065383,-12784.633308108472,214306,245266
block2,38,464003,664,-0.003205417416916727,-0.002595070888741825,11424.104946316183,-12911.428244017803,213428,244878
block2,39,462271,664,-0.0032769288177144583,-0.0025646359604692796,11508.698965628788,-13023.528127122478,212468,244230
block2,40,460811,664,-0.0033509320844468966,-0.0025826439272273296,11592.070177620424,-13136.216542386503,211558,243668
block2,41,459239,664,-0.0034325831234357338,-0.0027693369244979798,11672.438239562809,-13248.81428058632,210516,243205
block2,42,457765,664,-0.0034797065198566945,-0.002864746575119168,11759.849580318165,-13352.737435380384,209824,242563
block2,43,456286,664,-0.0035431084404397425,-0.002707123320384712,11842.077966495708,-13458.748744350216,209204,241951
block2,44,454864,664,-0.003606727148431162,-0.0029591033953274095,11921.897870704695,-13562.468208348695,208482,241307
block2,45,453432,664,-0.003654268514289678,-0.002987433114258878,11996.794070356413,-13653.756351327815,207886,240504
block2,46,451768,664,-0.003732927268260431,-0.003076942901024373,12060.695178348486,-13747.112264475983,206904,239914
block2,47,450221,664,-0.0037646906383649523,-0.003056978370460553,12131.756169897266,-13826.698953792551,206020,239138
block2,48,448762,664,-0.0037895145030247173,-0.003077265916761106,12207.629854755689,-13908.219962162082,205413,238492
block2,49,447408,664,-0.0038298709370453363,-0.0031351791029526994,12276.700874109154,-13990.215770310731,204610,237864
block2,50,445822,664,-0.0038634599201578194,-0.0029613931633744386,12346.97922089046,-14069.394649415042,203866,237162
block2,51,444424,664,-0.00396757049371211,-0.003230338433479371,12400.778037935934,-14164.061587033431,203201,236503
block2,52,442881,664,-0.003994376659066538,-0.003126086108239046,12472.884428286154,-14241.917957430194,202334,235863
block2,53,441501,664,-0.0040224143264086624,-0.0031405030115321943,12539.510749661906,-14315.41069718563,201721,235236
block2,54,439959,664,-0.004056302589106493,-0.003147691794862759,12605.806441002238,-14390.413271802938,200877,234459
block2,55,438510,664,-0.004068271433472763,-0.003202233133268688,12672.599520028847,-14456.577226320938,200295,233721
block2,56,437011,664,-0.004117360942221754,-0.0032562364001537053,12725.432715512168,-14524.764738233423,199614,232938
block2,57,435617,664,-0.004171039712545277,-0.003261314520362081,12774.674620869331,-14591.650427329168,198896,232196
block2,58,434085,664,-0.0042384484417550715,-0.0032578293821312735,12814.56700817638,-14654.413900015643,198088,231650
block2,59,432640,664,-0.004292618798883741,-0.003370761869159286,12860.392956186646,-14717.551553335697,197306,230963
block2,60,431179,664,-0.004313047633470067,-0.0034981828764530324,12910.23723378652,-14769.932799338529,196686,230175
block2,61,429577,664,-0.004299200932968759,-0.003216263484959764,12971.9479729649,-14818.785812146794,196070,229207
block2,62,428114,664,-0.00431877760748651,-0.0032558059186619777,13030.145917002446,-14879.075073653934,195265,228607
block2,63,426612,664,-0.0043409903338470345,-0.0032795637653926842,13082.17091621156,-14934.089484514734,194442,227922
block2,64,425197,664,-0.00436106284022836,-0.0033090703311132066,13141.425189667318,-14995.736026143875,193912,227085
block2,65,423679,664,-0.004391138591234704,-0.003436165477122988,13195.409044990527,-15055.842252186252,193057,226436
block2,66,422313,664,-0.004449090567235826,-0.003436379379652969,13242.642138384585,-15121.550923105659,192334,225966
block2,67,420836,664,-0.004492426322193968,-0.00364534944875481,13287.026548114896,-15177.601271841675,191595,225252
block2,68,419264,664,-0.004506820569452822,-0.003542638267230388,13332.082593139954,-15221.630212370985,190882,224436
block2,69,417781,664,-0.004524323298310331,-0.0035421146681766744,13365.099125275883,-15255.27543716731,190198,223561
block2,70,416342,664,-0.004532133748552455,-0.0032833392328080854,13407.115381421356,-15294.03301056114,189533,222921
block2,71,414813,664,-0.004619317213089063,-0.0035292160027228098,13430.50775579666,-15346.660586909755,188783,222146
block2,72,413559,664,-0.004675989704729105,-0.003585383076843258,13473.557166094115,-15407.354792392178,188321,221539
block2,73,412046,664,-0.0047038358917659995,-0.003718372886259789,13514.642678761233,-15452.839442619814,187550,220743
block2,74,410741,664,-0.004736540953632002,-0.0036692086663993877,13555.455433001522,-15500.947000837254,187030,219957
block2,75,409096,664,-0.004719995767776952,-0.0036759283273258185,13593.081711925883,-15524.013100540324,186145,219233
block2,76,407856,664,-0.00473970220445643,-0.0037150703660061095,13631.62364031178,-15564.739622612577,185623,218626
block2,77,406350,664,-0.0048006451909561,-0.003765669541939987,13653.476305023507,-15604.218478368497,184933,217820
block2,78,404806,664,-0.0048184170750085195,-0.0037489844518012578,13694.415350244064,-15644.939492709953,184183,217038
block2,79,403489,664,-0.00481615610563813,-0.0038340488071524734,13744.763919412837,-15688.029930320681,183620,216505
block2,80,402113,664,-0.004865184799466492,-0.0037192724782219035,13759.995527021758,-15716.349582289611,182810,215808
block2,81,400670,664,-0.0048784102251905066,-0.0035425389095150037,13785.639360822996,-15740.27198575007,182194,215064
block2,82,399151,664,-0.004898895955241161,-0.0034727578654006838,13815.448414982036,-15770.847634412494,181412,214287
block2,83,397831,664,-0.004927844703593024,-0.003623624022801939,13840.670315823265,-15801.11970209841,180934,213525
block2,84,396485,664,-0.0049907759186190856,-0.003934481162560967,13874.510657961931,-15853.278448055611,180035,213106
block2,85,395126,664,-0.004947677127444607,-0.003957422304345345,13921.508222431647,-15876.464095090352,179373,212430
block2,86,393700,664,-0.004983961713474333,-0.0037576080238396685,13936.560848805346,-15898.74657540018,178687,211712
block2,87,392311,664,-0.005040518457641363,-0.003854655377871443,13942.000263416761,-15919.451100052538,177985,211086
block2,88,390799,664,-0.005034977649610737,-0.003976741179851102,13963.389543784044,-15931.053774274264,177238,210280
block2,89,389422,664,-0.005061400858104653,-0.0038685702808072915,13985.351629494098,-15956.372474458927,176606,209620
block2,90,387836,664,-0.005079609515130861,-0.00398733951040734,14003.823625994373,-15973.879061904658,175624,209023
block2,91,386441,664,-0.005072706538544496,-0.003916091718568882,14034.687812682192,-15994.989600143886,175067,208223
block2,92,385261,664,-0.0051171900568410585,-0.004012363507926107,14056.1361886872,-16027.589947175815,174583,207568
block2,93,383727,664,-0.005118703264672912,-0.0038789668768462915,14078.76720219334,-16042.951849836523,173802,206817
block2,94,382303,664,-0.005178484664125969,-0.004057474697905171,14086.385234036272,-16066.135456585638,173128,206102
block2,95,380893,664,-0.005214103906244221,-0.004077758492447997,14095.253981056985,-16081.26966021808,172381,205569
block2,96,379440,664,-0.005231029842743549,-0.0038376146985526645,14113.29139879565,-16098.153362326264,171685,204746
block2,97,378087,664,-0.005252526157551119,-0.004103304831190882,14126.512158484142,-16112.424015814157,171186,203991
block2,98,376581,664,-0.005255710941512393,-0.004037615798903904,14141.77131331751,-16120.972195383229,170231,203443
block2,99,375207,664,-0.005283587315153361,-0.0036878067845997364,14150.869150742343,-16133.30809649908,169654,202740
block2,100,373867,664,-0.005295540110267431,-0.003653558052971251,14178.624240683712,-16158.451935089088,168808,202240
block2,101,372472,664,-0.005284042050695758,-0.0035865795230820337,14193.484990564382,-16161.642701271167,168221,201389
block2,102,371102,664,-0.005272780133861744,-0.003717306070045339,14208.576699402913,-16165.315952639263,167717,200562
block2,103,369657,664,-0.005295116524863124,-0.0034680132834931194,14218.559841296585,-16175.936730527905,166829,200005
block2,104,368304,664,-0.005305495073343244,-0.0034628321488036034,14232.768309910094,-16186.803367402681,166246,199357
block2,105,367056,664,-0.0053267550698547625,-0.00355079438518757,14242.458509057391,-16197.67591797801,165599,198751
block2,106,365404,664,-0.005349237006580503,-0.0034148381270171168,14242.416700161304,-16197.049299313816,164890,197824
block2,107,364101,664,-0.005363301050103582,-0.0037186601071289654,14247.891820595101,-16200.675096238918,164316,197065
block2,108,362756,664,-0.005383047536130515,-0.003681444563950812,14250.160622456995,-16202.893414473587,163818,196277
block2,109,361383,664,-0.005390922801437896,-0.0038787114602131653,14256.291729154242,-16204.479583906299,163282,195518
block2,110,359935,664,-0.005394350948513201,-0.003563290675133197,14259.737139186864,-16201.352847839978,162288,195032
block2,111,358587,664,-0.005438993872836045,-0.003514077697829454,14259.561431875989,-16209.913927754664,161531,194496
block2,112,357132,664,-0.005463404241835136,-0.0032972022172137513,14262.872477695533,-16214.02896139057,160802,193769
block2,113,355856,664,-0.005479219298163694,-0.003558386667512458,14267.231069686184,-16217.04413225351,160032,193228
block2,114,354539,664,-0.005422183318652397,-0.0032069545033529393,14291.271112463372,-16213.64656407505,159353,192607
block2,115,353137,664,-0.005454821008996937,-0.003987238299476494,14293.629886606725,-16219.929013260904,158575,192045
block2,116,351700,664,-0.005420045865416868,-0.0031328543803715143,14310.944821888444,-16217.174952755548,157878,191366
block2,117,350229,664,-0.005426564752341391,-0.0032273142871949885,14311.43776631772,-16211.978112965497,157195,190555
block2,118,348919,664,-0.005493869716243371,-0.0031237265297730374,14298.033447964139,-16214.948975486044,156514,190022
block2,119,347532,664,-0.005574003122374385,-0.0036490919091790486,14271.406533408757,-16208.550986533719,155884,189251
block2,120,346143,664,-0.005548318645998984,-0.0031126102131588083,14275.867060332997,-16196.378721414983,155073,188672
block2,121,344654,664,-0.005567743576577306,-0.0031338325656661186,14267.6179968079,-16186.563091449561,154150,188052
block2,122,343439,664,-0.005510152845598476,-0.0032088119898820125,14288.413017927744,-16180.814401067246,153735,187267
block2,123,341896,664,-0.005512995735568232,-0.002730621566392469,14281.870554592691,-16166.74174460059,153066,186453
block2,124,340551,664,-0.0055723796553544406,-0.0028385160487042664,14269.052422395027,-16166.731886405621,152385,185734
block2,125,339240,664,-0.005599290926223833,-0.0031024240744093666,14266.394213145091,-16165.897666957304,151777,185182
block2,126,337982,664,-0.005632442947542052,-0.002877521942058654,14258.940149794067,-16162.60448209023,151102,184674
block2,127,336582,664,-0.0055834218165682035,-0.002855064048187431,14271.815524617907,-16151.094806482002,150483,183798
block2,128,335101,664,-0.005552398359177508,-0.002851192648363695,14279.15825205424,-16139.772494612927,149747,183106
block2,129,333736,664,-0.005605944109818501,-0.0031622408482126006,14254.155765550599,-16125.061128984999,148814,182682
block2,130,332332,664,-0.00560179620265145,-0.0028602895672228032,14252.209172497005,-16113.865308116552,148165,181930
block2,131,331077,664,-0.005680117513258095,-0.003298957778434966,14231.2094017112,-16111.76566764816,147451,181452
block2,132,329534,664,-0.005641228092380847,-0.003080019043190787,14236.583481711119,-16095.559939905772,146788,180574
block2,133,328248,664,-0.005599335436303984,-0.002693738760211082,14252.582807312927,-16090.553465608842,146108,179956
block2,134,326905,664,-0.005570733896229258,-0.002838945849174324,14257.655420355326,-16078.756184702157,145457,179374
block2,135,325503,664,-0.005553802198549255,-0.0027845100580268793,14262.417050332539,-16070.196327366944,144873,178551
block2,136,324132,664,-0.005569005341516148,-0.0027805236258395126,14246.384430299062,-16051.477269655377,144214,177808
block2,137,322731,664,-0.005624234020703677,-0.003186048910144221,14230.725408272137,-16045.84007800786,143588,177096
block2,138,321362,664,-0.005655161693797458,-0.0028428212727760007,14216.908161478183,-16034.262233720321,142727,176524
block2,139,320096,664,-0.005672309935192724,-0.0031598706703676272,14210.038249241103,-16025.721970256558,142224,175856
block2,140,318686,664,-0.005690947398409413,-0.002716809547166047,14196.921999074502,-16010.54726168399,141684,174984
block2,141,317371,664,-0.005778923742596602,-0.0030898073182532826,14168.90348172588,-16002.966288837504,141060,174229
block2,142,315996,664,-0.005828593708569409,-0.002711409438339031,14141.802001465809,-15983.6142989989,140454,173503
block2,143,314403,664,-0.0058694316271972035,-0.0027408711420445152,14111.365619860064,-15956.732531745783,139594,172790
block2,144,313036,664,-0.0059112437561845525,-0.00246901660829321,14098.75481710862,-15949.18691756963,138842,172158
block2,145,311737,664,-0.005889049305291807,-0.0033659288777690114,14091.233658686473,-15927.068221970218,138258,171567
block2,146,310503,664,-0.005874243204200599,-0.002311628272521396,14085.448234120768,-15909.418371754648,137784,170807
block2,147,309090,664,-0.00582126398085035,-0.003252329659652939,14087.253308272822,-15886.547792113855,136937,170190
block2,148,307645,664,-0.005812959307708668,-0.001973500142987122,14068.105829778991,-15856.433695999014,136352,169372
block2,149,306295,664,-0.005845668040053045,-0.001753394370541726,14054.38435573628,-15844.883248064325,135717,168668
block2,150,304999,664,-0.005857075212997789,-0.0022945986870531163,14034.582408923157,-15820.984491812282,135020,168110
block2,151,303710,664,-0.0059042562319648675,-0.0017363192298193884,14012.055136862542,-15805.236797072606,134385,167444
block2,152,302140,664,-0.005869646915312762,-0.0018687069529693167,14002.542024444816,-15775.997143437427,133701,166618
block2,153,300787,664,-0.005898387035597749,-0.0026815872757879004,13975.027164862287,-15749.185306138635,133111,165883
block2,154,299459,664,-0.005893202860075452,-0.002263928581624121,13962.84328502026,-15727.615920295604,132495,165155
block2,155,298051,664,-0.005934270977725777,-0.001753577365289447,13936.622823768186,-15705.338222950342,131906,164323
block2,156,296767,664,-0.005982356321014354,-0.00201157483600795,13911.273552443918,-15686.639490762362,131252,163701
block2,157,295430,664,-0.005978681742163849,-0.0018054007433732386,13900.965772460613,-15667.247719548064,130662,163029
block2,158,293936,664,-0.005996246400298388,-0.0016016549326440923,13882.251880683243,-15644.764562601358,129880,162347
block2,159,292727,664,-0.006077982897134826,-0.0022174780611094627,13849.610803321291,-15628.800502850847,129206,161775
block2,160,291327,664,-0.006056218917772714,-0.001921065374856651,13835.297580769673,-15599.637669427673,128802,160819
block2,161,289903,664,-0.006007664105858729,-0.0012868596935751385,13832.069159508874,-15573.709006789672,128104,160042
block2,162,288457,664,-0.005968243440391017,-0.0011233297260829513,13825.131177213425,-15546.71277529831,127366,159380
block2,163,287130,664,-0.005927973455851676,-0.0013752581807000652,13816.850005064374,-15518.949023443056,126933,158545
block2,164,285801,664,-0.00591410383575329,-0.0016593190074839844,13806.988358189434,-15497.245148551548,126406,157685
block2,165,284398,664,-0.005926444690894203,-0.0016705261018047628,13782.514878242899,-15467.983895443804,125782,157010
block2,166,283042,664,-0.00597327183925886,-0.0013010438563663363,13747.797642063766,-15438.484449991283,125241,156181
block2,167,281536,664,-0.005982677103625566,-0.0012859316674734174,13720.256001715567,-15404.594982761893,124389,155481
block2,168,280291,664,-0.005975069388579973,-0.0011297015125575332,13711.184127760882,-15385.942301755362,123810,154860
block2,169,278877,664,-0.00596401639395222,-0.0011122195425974435,13693.40143824731,-15356.628438143514,123462,153846
block2,170,277577,664,-0.005938127152796854,-0.0013388156126574453,13685.58842230378,-15333.875942995679,122825,153188
block2,171,276230,664,-0.00594437325656034,-0.0013330715763029905,13667.622675484381,-15309.636900144094,122273,152347
block2,172,274840,664,-0.0059458703992839234,-0.0012769194330207844,13639.306275029936,-15273.469295569157,121536,151704
block2,173,273451,664,-0.005992969586695415,-0.001375601161900848,13603.249990021093,-15242.033516472558,120892,151049
block2,174,272134,664,-0.006040107136762585,-0.001429691137344225,13574.184091035639,-15217.902606591357,120275,150343
block2,175,270809,664,-0.0060394328881278325,-0.0009964493512565856,13549.835823717964,-15185.368604718966,119667,149721
block2,176,269497,664,-0.006074820786887067,-0.0018278753955264942,13530.099865534205,-15167.245843137887,118955,149017
block2,177,268029,664,-0.006099533784568221,-0.001608794672256204,13491.177419960359,-15126.02936070436,118348,148219
block2,178,266678,664,-0.006076910683700606,-0.0014701557779459647,13468.415318900084,-15088.99370620797,117636,147487
block2,179,265314,661,-0.0060793311007580385,-0.0012682522104083844,13439.402094978977,-15052.333746645498,117134,146705
block2,180,263762,661,-0.0061077947013613455,-0.0015089569110277264,13397.142110382643,-15008.146256403135,116498,145847
block2,181,262563,661,-0.0060945867304323985,-0.001402561662116497,13388.981692485646,-14989.194668188173,115797,145299
block2,182,261230,661,-0.006086912637152383,-0.001386161536665514,13365.784244337696,-14955.868432540954,115300,144417
block2,183,259870,661,-0.006122044975078568,-0.001275809269245746,13337.687222471352,-14928.623050145034,114782,143654
block2,184,258597,661,-0.006085997276072124,-0.001550055111712238,13316.69889445896,-14890.519532059392,114208,143005
block2,185,257148,661,-0.006090255690429395,-0.0011594778982271816,13280.012489841227,-14846.109560123758,113518,142250
block2,186,255899,661,-0.00622105839378258,-0.0015281692069899285,13228.65286490633,-14820.615486816936,112785,141709
block2,187,254556,661,-0.006143141514855183,-0.001538799247502248,13221.301461436982,-14785.074992892482,112241,141014
block2,188,253133,661,-0.006125819363216389,-0.0016178396591565941,13202.815043356766,-14753.462076225818,111492,140311
block2,189,251763,661,-0.006248436188037288,-0.0013476366884384305,13151.58189450892,-14724.706934517717,110909,139503
block2,190,250352,661,-0.006220205741735902,-0.0015950379593222723,13129.471622481262,-14686.712570336338,110394,138658
block2,191,249057,661,-0.006129384188394405,-0.0013804959672202922,13118.120651342668,-14644.686689151618,109838,137934
block2,192,247785,661,-0.006224992743938016,-0.001991057343300697,13072.239809791543,-14614.69963684825,109333,137208
block2,193,246329,661,-0.006217743680557029,-0.002149370333266784,13037.28555760583,-14568.89614069374,108629,136393
block2,194,245130,661,-0.006227897580166755,-0.0016162471924444555,13015.087539253187,-14541.732073079465,108052,135788
block2,195,243679,661,-0.006234585996985933,-0.0021099143279926015,12987.842907168693,-14507.080588328241,107366,135064
block2,196,242238,661,-0.0063005647506214285,-0.0015043917394800689,12937.406798426597,-14463.64300248764,106737,134272
block2,197,240955,661,-0.006362215942908684,-0.0015781296640513132,12900.493200049545,-14433.500942573093,106112,133591
block2,198,239668,661,-0.006387093866684046,-0.0012070746124297706,12863.595645753863,-14394.377658594263,105488,132953
block2,199,238293,661,-0.0064036832830246465,-0.001524033129962551,12824.652717795538,-14350.605618357322,104850,132221
block2,200,236826,661,-0.006426883751257373,-0.0018127000279178134,12794.023938310125,-14316.077109585427,104214,131380
block2,201,235588,661,-0.006432538576894454,-0.0024434644662369924,12765.325406521615,-14280.75430477504,103576,130803
block2,202,234259,661,-0.00638557414621972,-0.0019249770270960012,12742.047715120669,-14237.92592903996,102968,130140
block2,203,232835,661,-0.006548669639133033,-0.0024297156794648015,12676.407286221809,-14201.166781649326,102194,129482
block2,204,231457,661,-0.0066122951262549525,-0.0022898947700281,12628.42032009122,-14158.882313128803,101516,128775
block2,205,230050,661,-0.006573145942993916,-0.0024184912074286325,12600.460799018245,-14112.613023204001,100930,127961
block2,206,228807,661,-0.006507860777145373,-0.0020079636633436536,12582.689797211326,-14071.733898047643,100301,127341
block2,207,227346,661,-0.006542352348760956,-0.002413990923413626,12545.090042642389,-14032.467679723788,99582,126637
block2,208,225998,661,-0.006461021707005036,-0.002306630713908745,12519.54128995484,-13979.719273694553,99090,125822
block2,209,224584,658,-0.006548608001213453,-0.002156941916662495,12463.989231428537,-13934.701810773082,98352,125068
block2,210,223310,658,-0.006546487682617595,-0.0021199167467670066,12424.756150368143,-13886.652314773453,97834,124419
block2,211,221964,658,-0.006451752088338544,-0.0020195764663405833,12400.581352574198,-13832.638053110171,97184,123701
block2,212,220666,658,-0.006481089861284417,-0.001861300385923157,12370.867454522602,-13801.023629852785,96450,123130
block2,213,219403,658,-0.0065204868008352495,-0.0022808925264985215,12330.648094115888,-13761.262459679536,95894,122386
block2,214,218031,658,-0.006511436944216796,-0.002131752812784388,12302.009852967589,-13721.704961352138,95236,121716
block2,215,216762,658,-0.006561363158658013,-0.0019107674282356328,12254.399801071166,-13676.654002068231,94668,121037
block2,216,215359,658,-0.006609923996690053,-0.0018514676681714404,12198.8337851872,-13622.340407190333,93962,120401
block2,217,214089,658,-0.006603039988585813,-0.0012941400791122886,12167.556327165648,-13581.194555282003,93297,119717
block2,218,212678,658,-0.0066323313349751735,-0.0018381193714704252,12119.581292039265,-13530.132255699118,92629,119072
block2,219,211293,658,-0.006719132316114323,-0.002038446144476683,12062.257923140505,-13481.963547609223,92060,118208
block2,220,210050,658,-0.006720087455599782,-0.001932191772312947,12024.782257969957,-13436.336628018682,91489,117543
block2,221,208688,658,-0.0067366878106699625,-0.0016959325289424441,11975.088645268119,-13380.954551101206,90962,116756
block2,222,207350,658,-0.006827530743383057,-0.0015757565967707023,11926.92931031826,-13342.617809958754,90352,116004
block2,223,206024,658,-0.006858975506393725,-0.0017540641624578246,11886.573728814066,-13299.687298543302,89712,115382
block2,224,204744,658,-0.006946880458398079,-0.002119036380956632,11831.347342833255,-13253.679435407523,89021,114761
block2,225,203333,658,-0.006997465421068333,-0.0022439222728272033,11781.035350226288,-13203.850986688398,88460,113954
block2,226,201939,658,-0.007038660642054281,-0.0023469521239909623,11731.460415772946,-13152.840507168774,87784,113206
block2,227,200562,658,-0.007152385716599709,-0.0024278518151399048,11679.535168348435,-13114.031952441132,86972,112605
block2,228,199231,658,-0.0071671450521183806,-0.001834271846570912,11638.250896390397,-13066.168372269007,86327,111974
block2,229,197991,658,-0.007071306601332263,-0.0017951488986526927,11615.228572801687,-13015.283638106064,85727,111316
block2,230,196681,658,-0.007214897776051322,-0.001913120596435157,11542.092439148471,-12961.125748640014,85063,110635
block2,231,195309,658,-0.007188334846065145,-0.0023039946323634873,11496.541657187121,-12900.488147637252,84440,109990
block2,232,193961,658,-0.007190102271400332,-0.0023828266858609572,11451.875926837436,-12846.475353500531,83776,109284
block2,233,192667,658,-0.007337408174581006,-0.0028060879035679137,11385.16086233194,-12798.837283103952,83142,108627
block2,234,191339,658,-0.007440794524236214,-0.0026135838536201134,11327.333277925387,-12751.047461398213,82548,107899
block2,235,190151,658,-0.007327162440145005,-0.002614177229191052,11307.981180863237,-12701.248446019257,82069,107189
block2,236,188713,658,-0.0075031593354965165,-0.0030930668987356694,11229.731622350246,-12645.675330029771,81394,106409
block2,237,187308,658,-0.007506935514808118,-0.002698940230018465,11178.129399728008,-12584.238477135705,80880,105583
block2,238,185949,658,-0.007633054763446588,-0.002472331727425886,11112.329990498609,-12531.688890706722,80215,104855
block2,239,184572,658,-0.0075420034387646715,-0.0026563182974620615,11083.051376501238,-12475.094035200884,79695,104047
block2,240,183264,658,-0.007652524572418645,-0.0028010440975152887,11016.201242071527,-12418.63350531127,79023,103401
block2,241,181918,658,-0.007571947143119013,-0.003001123899834869,10979.46873961953,-12356.942220001441,78367,102699
block2,242,180598,658,-0.00758121884252744,-0.003318354351286538,10932.647036283142,-12301.799996805927,77756,102018
block2,243,179193,658,-0.007550914523144763,-0.003382561792461259,10891.389358948163,-12244.46038509407,77072,101315
block2,244,177871,658,-0.0076144252138370064,-0.003096017447341064,10829.43585939085,-12183.821286601247,76475,100588
block2,245,176580,658,-0.007710003073710426,-0.003066954782634999,10774.220211577962,-12135.65255433375,75848,99941
block2,246,175280,658,-0.007761813400236029,-0.0031821777363287267,10728.904114418634,-12089.394767212012,75271,99198
block2,247,173996,658,-0.007839209540594248,-0.002851797076653932,10672.75496662565,-12036.746069850866,74693,98520
block2,248,172692,658,-0.0077894987523055015,-0.003234498198491371,10632.349874338655,-11977.533992871813,74004,97929
block2,249,171283,658,-0.007782129912454187,-0.003463353178645696,10581.660729855985,-11914.607287650873,73330,97174
block2,250,169934,658,-0.007836584935891963,-0.0032283375451281618,10518.279834274017,-11849.982058769854,72744,96360
block2,251,168632,658,-0.007948174787011257,-0.0032013440213331497,10442.011726201032,-11782.328336884306,72161,95691
block2,252,167279,658,-0.007954356006641607,-0.003635379447780322,10394.142796597955,-11724.739515032941,71415,95015
block2,253,166070,658,-0.008053595096740716,-0.003372792024614482,10333.56793114624,-11671.028468861941,70919,94403
block2,254,164682,658,-0.00808726233679646,-0.003954103762096245,10280.470629954376,-11612.297166102677,70234,93705
block2,255,163369,658,-0.008169622191121339,-0.003572432067883473,10225.512086813618,-11560.175094554897,69457,93160
block2,256,161988,658,-0.008080681383586346,-0.0039025968249432152,10185.484722692061,-11494.458138656446,68873,92358
block2,257,160554,658,-0.008158313096767835,-0.004063208532119918,10120.087388368303,-11429.9371893068,68111,91726
block2,258,159192,658,-0.008200397201852857,-0.00384758974741874,10060.792417346252,-11366.230048703628,67460,90970
block2,259,157858,658,-0.008176396434399323,-0.0038197468847933017,10004.48746462535,-11295.197052966752,66922,90242
block2,260,156535,658,-0.008301531324545652,-0.003742701610869578,9938.476219826414,-11237.956425714172,66228,89571
block2,261,155213,658,-0.008385397770927585,-0.004026791393466388,9870.39898196219,-11171.921726181177,65591,88928
block2,262,153870,658,-0.008321426258565683,-0.004055261610795137,9827.534850255048,-11107.952708660574,64974,88206
block2,263,152574,658,-0.008428107817204369,-0.004175145906498097,9752.964663866771,-11038.874785968943,64357,87547
block2,264,151223,658,-0.008484193932635314,-0.004366159191838863,9687.718036673952,-10970.723295748874,63649,86844
block2,265,149870,658,-0.00832083659700964,-0.004404850411706834,9646.794889529405,-10893.838670323217,63138,86053
block2,266,148573,658,-0.008510018061604039,-0.004181140939523202,9569.763279965522,-10834.122193432224,62504,85393
block2,267,147164,658,-0.00856361661156271,-0.004591395465605988,9501.05628292695,-10761.312357950965,61896,84642
block2,268,145774,658,-0.008620433551859806,-0.004436333968524521,9434.173540285841,-10690.808620874637,61297,83767
block2,269,144442,658,-0.008566012303798,-0.0044151379602666,9383.374474521539,-10620.666423706743,60700,83091
block2,270,143220,658,-0.008609289961827858,-0.004524924710558685,9317.144913500248,-10550.167421833257,60223,82296
block2,271,141879,658,-0.008723883621729147,-0.004479012157465499,9246.778051631554,-10484.51393599888,59504,81723
block2,272,140472,658,-0.008798700649506047,-0.004225862831151501,9179.497948318267,-10415.469025955683,58830,80927
block2,273,139136,658,-0.008989818248459487,-0.00483521272837412,9105.01228623268,-10355.819638050332,58288,80231
block2,274,137798,658,-0.009016965295852669,-0.004649582736554417,9040.380334742746,-10282.90011858065,57663,79507
block2,275,136507,658,-0.0090252050565521,-0.00495915271633134,8983.113523126198,-10215.117189780936,57059,78835
block2,276,135112,658,-0.009187885150106889,-0.004491155417787019,8901.145439244325,-10142.538977645561,56330,78159
block2,277,133738,658,-0.009080560616791643,-0.004343165240974078,8856.149836009308,-10070.565851777787,55808,77350
block2,278,132502,658,-0.009110911651799204,-0.00456473347993903,8796.5760921887,-10003.790107875397,55179,76747
block2,279,131145,658,-0.009255780315169774,-0.004825351400695393,8718.553939991809,-9932.403249424751,54602,75963
block2,280,129839,658,-0.009222888012895399,-0.004562880611276535,8654.04240882529,-9851.532965531605,53991,75228
block2,281,128508,658,-0.009079398630004575,-0.004480422694395012,8603.713795185122,-9770.489154329738,53459,74446
block2,282,127187,658,-0.008967036312012856,-0.004525765691367819,8550.09112262803,-9690.581570044002,52916,73694
block2,283,125760,658,-0.009165982323545008,-0.004676198131473317,8470.13297675174,-9622.846913760772,52185,72971
block2,284,124583,658,-0.009261953018620626,-0.004930355203149107,8401.42279176569,-9555.304684684506,51734,72309
block2,285,123204,658,-0.00918154941249491,-0.004684197407319953,8348.290857876678,-9479.49447169369,51073,71579
block2,286,121727,658,-0.009297516257976268,-0.004807489857765777,8266.597805276004,-9398.356566810688,50380,70786
block2,287,120469,658,-0.009296809880373945,-0.005098759854584769,8207.473298708062,-9327.450688186811,49793,70118
block2,288,119154,658,-0.009339094677098378,-0.0048776454611390236,8140.529622376911,-9253.320109531895,49333,69291
block2,289,117829,658,-0.009335999601759262,-0.004979947230168782,8073.723986119607,-9173.775483195312,48691,68618
block2,290,116521,658,-0.009392480248359217,-0.004948279843287137,8002.894391715105,-9097.315582734193,48155,67841
block2,291,115177,658,-0.009301735632258981,-0.005068338810172183,7948.670673691236,-9020.016678607928,47529,67142
block2,292,113883,658,-0.00923672130378577,-0.004944493452142268,7892.374389867945,-8944.279922107016,47003,66387
block2,293,112495,658,-0.009368616014148345,-0.005130931107467744,7809.124397935189,-8863.046856446805,46335,65687
block2,294,111118,658,-0.009335892683180807,-0.0051264736521477,7737.002030162642,-8774.38775333229,45690,64912
block2,295,109815,658,-0.009261239133110452,-0.005156828826204203,7674.523929379947,-8691.546904782448,45085,64212
block2,296,108477,658,-0.009337028804232868,-0.004993827217720473,7592.9309256234055,-8605.783799220171,44510,63498
block2,297,107112,658,-0.009321699228964843,-0.005079600142363772,7517.186364311132,-8515.652212124007,43986,62669
block2,298,105754,658,-0.00938553225136583,-0.00476585135910733,7437.4419165621775,-8429.99949427311,43412,61889
block2,299,104367,658,-0.009372531228401296,-0.00473090669088997,7365.9649198207735,-8344.14788653534,42775,61145
block2,300,102965,658,-0.009492387264892812,-0.004477833307154591,7285.243751654945,-8262.62740638463,42097,60369
block2,301,101570,658,-0.00965463562380419,-0.005279864396913612,7192.65057357642,-8173.27191388621,41479,59618
block2,302,100244,658,-0.009699867537744206,-0.005229619839992024,7123.58409809655,-8095.937619550155,40867,58921
block2,303,98878,658,-0.009777233214462019,-0.00559641812588242,7041.696704924164,-8008.4499707037485,40253,58173
block2,304,97498,658,-0.009784860148819678,-0.005633505023854685,6960.805353052908,-7914.809647842537,39703,57377
block2,305,96194,658,-0.00983279780553031,-0.005687267540145254,6887.677242647921,-7833.533394753113,39087,56707
block2,306,94867,658,-0.009862835571137813,-0.005236143449711484,6808.281682912928,-7743.9393050400695,38467,55969
block2,307,93557,658,-0.009986307995149754,-0.006028441049682045,6717.512695502033,-7651.801712604265,37958,55188
block2,308,92114,658,-0.009865652980064343,-0.0059113691922787585,6644.606411941063,-7553.371170546707,37368,54328
block2,309,90811,658,-0.009828806946584974,-0.005434845946905645,6568.432566612035,-7460.996354238358,36813,53638
block2,310,89437,658,-0.009781654005720787,-0.006036068348234845,6487.608158140947,-7362.449947450592,36190,52865
block2,311,88142,658,-0.009888139788932316,-0.005759157636976015,6401.631349708843,-7273.191766984919,35620,52165
block2,312,86744,658,-0.00991212620288285,-0.006123096004042604,6317.319146461235,-7177.136621804105,35017,51337
block2,313,85326,658,-0.009960266601648319,-0.006164942222078951,6230.782483786668,-7080.652191838923,34442,50518
block2,314,84039,658,-0.010028090286497097,-0.006385401750764315,6143.609350740325,-6986.360030327253,33845,49824
block2,315,82669,658,-0.00974500365051597,-0.006411687660884347,6081.40596595451,-6887.0156727390095,33349,48974
block2,316,81339,658,-0.009817593231591377,-0.006313392567894322,5994.399093263159,-6792.952309127581,32744,48230
block2,317,79953,658,-0.00992037373805635,-0.006829238121325811,5902.376350495042,-6695.53999197387,32166,47442
block2,318,78644,658,-0.009934536179715044,-0.006862827129337633,5822.753933075688,-6604.045596393193,31586,46691
block2,319,77264,658,-0.009952854674849977,-0.005966595238126449,5736.926191657636,-6505.9235552552545,30939,45959
block2,320,75847,658,-0.010151208062095473,-0.007044084433166954,5632.47408660038,-6402.412764486136,30420,45092
block2,321,74460,658,-0.010088649281498366,-0.0074264418952867395,5550.852987221757,-6302.05381272213,29793,44337
block2,322,73043,658,-0.010442767250488658,-0.008128077765849725,5440.155290493171,-6202.926338770608,29151,43580
block2,323,71686,658,-0.010383687711688166,-0.007688296679541987,5357.620630286725,-6101.985667586804,28655,42707
block2,324,70367,658,-0.010436940638422336,-0.007778406474541122,5267.708180775598,-6002.124382679478,28092,41950
block2,325,68919,658,-0.010419599702472946,-0.007566647470231756,5182.429445943307,-5900.537837838044,27577,41043
block2,326,67573,658,-0.010295067370969909,-0.007118718052471289,5099.463190758257,-5795.131778216806,26972,40297
block2,327,66157,658,-0.010237405424028494,-0.00724470325189426,5008.134283304513,-5685.410313941957,26423,39461
block2,328,64753,658,-0.010328885576147528,-0.00858449639528775,4910.674459353787,-5579.500787066059,25804,38667
block2,329,63365,658,-0.010138905306540491,-0.008485794354402278,4833.388861992523,-5475.840596741466,25227,37848
block2,330,61992,658,-0.010389617441026152,-0.008976680537172496,4725.702785815261,-5369.775950219376,24679,37042
block2,331,60520,658,-0.01054013489918847,-0.008466930235500433,4625.7210369751765,-5263.610001074058,23979,36272
block2,332,59175,658,-0.010631383626305157,-0.008732740001658136,4530.212793410272,-5159.324919496883,23424,35474
block2,333,57768,658,-0.010875776172010944,-0.00866610080155648,4426.746934888319,-5055.018772793047,22813,34670
block2,334,56376,658,-0.010793294770684433,-0.008522895468507926,4337.024832613979,-4945.507618606091,22281,33811
block2,335,54964,658,-0.010950774576881499,-0.00939731847740448,4236.353581853596,-4838.251955697315,21674,33023
block2,336,53592,658,-0.011129615410608746,-0.009682892104894798,4130.826755090817,-4727.285104176152,21175,32151
block2,337,52207,658,-0.011283599070998695,-0.008941878902657267,4032.91137537773,-4621.994232077355,20599,31372
block2,338,50841,658,-0.011388710255497484,-0.009908962616957177,3933.0650036058137,-4512.078421705559,20097,30522
block2,339,49474,658,-0.01166180689884961,-0.009534848306234503,3824.319552655042,-4401.275787168731,19509,29761
block2,340,48108,658,-0.0119805105447589,-0.00999627700747613,3724.4835490910928,-4300.841950378359,18927,28983
block2,341,46688,658,-0.01209589566254588,-0.009896357083156839,3620.453171700639,-4185.186348393577,18348,28142
block2,342,45287,658,-0.012318564886760962,-0.009736891312772908,3516.8255627636995,-4074.696410790434,17730,27379
block2,343,43928,658,-0.012728252557095903,-0.009922984623833576,3406.531462721684,-3965.6581410497865,17180,26567
block2,344,42484,658,-0.012944067513417338,-0.01291202477849438,3297.569795934833,-3847.4855601748586,16541,25774
block2,345,41073,658,-0.013052701003456011,-0.011474900681338655,3200.12137500311,-3736.234963318066,15948,24957
block2,346,39640,658,-0.01321339881761538,-0.012032682869597636,3095.5214470363667,-3619.3005761666304,15354,24125
block2,347,38260,658,-0.013355860897747956,-0.0126595872119181,2990.748085316933,-3501.743323264765,14834,23265
block2,348,36846,658,-0.013601152822774366,-0.011214567661685828,2884.9842607431806,-3386.1323376511255,14196,22483
block2,349,35467,658,-0.013851879997776874,-0.011246061268391436,2779.618050574043,-3270.9026784551947,13684,21621
block2,350,34039,658,-0.013854509672783448,-0.01126073526933957,2675.2141353290885,-3146.8077900809594,13128,20772
block2,351,32624,658,-0.014286035230221261,-0.014685363919556412,2564.5677576893886,-3030.635371040127,12565,19924
block2,352,31220,658,-0.014497197928987073,-0.01494735551336579,2457.805895440179,-2910.408414783159,12019,19062
block2,353,29760,658,-0.014683489736960991,-0.014352753879786928,2349.5590946003167,-2786.539749172287,11430,18196
block2,354,28345,658,-0.015087329182795076,-0.01617549319018703,2241.648926930114,-2669.2992726164453,10850,17366
block2,355,26910,657,-0.015330893479667755,-0.014690614201436285,2136.715479449438,-2549.2698229872944,10271,16532
block2,356,25490,655,-0.01572723655347596,-0.015812553564585958,2028.9566203680502,-2429.8438801161565,9716,15667
block2,357,24060,655,-0.015642682525972756,-0.0152477877990583,1928.5364201172808,-2304.899361692183,9135,14820
block2,358,22643,655,-0.01589390939575005,-0.014360577610768657,1821.9953039679601,-2181.8810944159245,8612,13929
block2,359,21195,329,-0.01600121964350201,-0.015184095790037605,1718.6674166153011,-2057.8132669593256,8000,13093
block2,360,20508,329,-0.01617326899140438,-0.01552788518455938,1666.4381716164444,-1998.1195720921683,7749,12670
block2,361,19810,329,-0.016559556128912963,-0.01620717885142659,1611.2811644906817,-1939.3259714044482,7461,12259
block2,362,19112,329,-0.017091856729683223,-0.016223209008930123,1553.8653718213716,-1880.524937639077,7201,11835
block2,363,18445,329,-0.017236415196937582,-0.01700383116648759,1501.8957448613648,-1819.821423168879,6953,11416
block2,364,17730,329,-0.017508110544288465,-0.019048444111340494,1445.9257497898577,-1756.3445497400896,6651,11007
block2,365,17098,329,-0.017947195419295608,-0.019541699902403356,1390.2540167669176,-1697.1151640460353,6414,10594
block2,366,16398,329,-0.017956101878761774,-0.01743557129677763,1337.282999057391,-1631.7271576653304,6138,10187
block2,367,15687,329,-0.01787489551012882,-0.01709187375898433,1284.0154160035568,-1564.4189018709476,5863,9750
block2,368,14998,329,-0.017569585303528434,-0.01777327633228561,1230.4017461599308,-1493.9103865422492,5614,9313
block2,369,14299,329,-0.017841066928355943,-0.018373800431533267,1175.5772297040962,-1430.6866457126564,5322,8922
block2,370,13608,329,-0.017103031468614308,-0.017445363063891772,1128.852811220727,-1361.5908634456312,5092,8450
block2,371,12929,329,-0.01738815294861177,-0.01858706556595672,1071.4001054709288,-1296.2115349435317,4842,8024
block2,372,12230,329,-0.017753747501077933,-0.01979777268325078,1013.4366845377101,-1230.5650164758952,4549,7636
block2,373,11554,329,-0.018015410562867994,-0.019186038868693158,955.3200800225834,-1163.4701336659612,4267,7232
block2,374,10877,329,-0.018531866108479254,-0.02034771802064107,896.4145985602062,-1097.9857062221345,4024,6794
block2,375,10187,329,-0.018770919949986416,-0.021126522375812702,838.9464765310219,-1030.1658380615338,3783,6353
block2,376,9510,329,-0.018935027659250397,-0.020052983177845898,781.2733020348062,-961.3454150742771,3548,5923
block2,377,8824,329,-0.018828451098711705,-0.02137611645925144,725.5659659808264,-891.7082184758578,3296,5482
block2,378,8159,329,-0.018888248724349053,-0.02241643253500217,667.9347901792986,-822.0440115212616,3064,5055
block2,379,7431,329,-0.01983471393507835,-0.024347011324992653,603.9737411870914,-751.3655004386577,2793,4608
block2,380,6737,329,-0.020074760238084785,-0.025551328878982333,549.4838637072216,-684.7275234311982,2531,4175
block2,381,6019,329,-0.020393077034140367,-0.026373841772599778,493.98050118762876,-616.7264318561196,2258,3732
block2,382,5328,329,-0.02074038772151584,-0.027437286889332176,437.6159581533761,-548.1207439336123,2002,3303
block2,383,4617,329,-0.020157773614593116,-0.028038451995136243,383.23936200184335,-476.30780278041937,1734,2869
block2,384,3912,329,-0.021151366692848533,-0.030651538362567086,323.52715935612395,-406.2713058585472,1464,2432
block2,385,3180,329,-0.023655249832882513,-0.030795884837641074,260.8226479638666,-336.0463424324331,1182,1988
block2,386,2438,329,-0.027511755908942042,-0.032421308310214524,196.17673720543394,-263.25039811143427,888,1537
block2,387,1672,329,-0.03196991991422685,-0.034641397556312015,131.8094277637082,-185.26313386029545,600,1067
block2,388,861,328,-0.03676013326375675,-0.03635524688371883,66.43648277516789,-98.0869575152624,301,556
