h,n_pairs,n_member_states,mean_occ,mean_member,pos_sum,neg_sum,n_pos,n_neg,cv_min,cv_max,cv_p01,cv_p05,cv_p10,cv_p25,cv_p50,cv_p75,cv_p90,cv_p95,cv_p99,cv_n
0,1760186,2132,0.0,0.0,0.0,0.0,0,0,0.0,0.0,,,,,,,,,,
1,1750759,2132,-0.00007452234276588034,-0.00007560275451000906,6903.81798732792,-7034.288649626378,769029,791493,-0.34856640667911687,0.38075313807531375,,,,,,,,,,
2,1739434,2132,-0.00018999860631119874,-0.00018572880146595948,9473.055108674462,-9803.545144444855,790632,828821,-0.3628474129407888,0.3924050632911391,,,,,,,,,,
3,1730293,2132,-0.0003013584250954754,-0.00032901961116650976,11312.726230330663,-11834.164603764413,795114,842721,-0.4115458111234034,0.38655462184873945,,,,,,,,,,
4,1724591,2132,-0.0004185136981754343,-0.0004501147453592654,12798.319290733069,-13520.084247983144,793946,850593,-0.4076136478687862,0.40401186608278006,,,,,,,,,,
5,1719034,2132,-0.0005261449860589384,-0.0005680139136339852,14208.308359828174,-15112.769479792976,794404,857421,-0.4775892857142858,0.5301587301587303,,,,,,,,,,
6,1712829,2132,-0.0006054529823439751,-0.0006720300298317514,15471.936807894193,-16508.974234189405,793842,859397,-0.4799111111111112,0.6126984126984127,,,,,,,,,,
7,1706835,2132,-0.0007027180929585796,-0.0007687942842777048,16563.992183088572,-17763.41601928357,791468,860775,-0.5041525423728814,0.716216216216216,,,,,,,,,,
8,1700449,2132,-0.0008006331814828509,-0.0008394969952288222,17537.517098493554,-18898.95299131288,788547,861604,-0.5041525423728814,0.7937853107344632,,,,,,,,,,
9,1695306,2132,-0.0009073713629104976,-0.0009514699456848746,18428.687665075075,-19966.959780845387,785329,862178,-0.5223673469387755,0.8545109396675508,,,,,,,,,,
10,1690302,2132,-0.001002875617150945,-0.0011925734155113221,19308.25437790813,-21003.417039329725,783066,862569,-0.5280309752359442,0.8021812080536912,,,,,,,,,,
11,1684708,2132,-0.001085764072997275,-0.0012166170468052254,20119.21372467296,-21948.409144564022,780109,862456,-0.5211474806914307,0.8738660153524074,,,,,,,,,,
12,1679157,2132,-0.0011702576777603442,-0.0012913870935416173,20871.299828231316,-22836.346199646294,777067,861904,-0.5218830452372195,0.8732614232561418,,,,,,,,,,
13,1673581,2132,-0.0012626684064966321,-0.0013650661055282763,21552.782775942884,-23665.96063035598,774284,860759,-0.5251930856932696,0.9392466585662211,,,,,,,,,,
14,1668580,2132,-0.0013545094369384152,-0.0014022388018173956,22193.685335053677,-24453.792691340404,771484,860051,-0.5489150422949614,1.1182033096926713,,,,,,,,,,
15,1662885,2132,-0.001461434524641415,-0.001634822089249496,22814.660853177036,-25244.85840268547,767715,859489,-0.5614809366188549,1.151260504201681,,,,,,,,,,
16,1657857,2132,-0.0015430015217634944,-0.0016653244467352021,23412.62816628729,-25970.7040401535,765251,858288,-0.5453575240128068,1.1207100591715982,,,,,,,,,,
17,1652700,2132,-0.0016357695385946192,-0.0017264738593685872,23967.864776564973,-26671.301093000242,761833,857556,-0.5402721588819419,1.1913766750790886,,,,,,,,,,
18,1647463,2132,-0.0017278267089409437,-0.0018464404411949401,24498.51627436003,-27345.046847752077,759027,856379,-0.5913043478260869,1.4909090909090907,,,,,,,,,,
19,1642060,2132,-0.0018197475660536094,-0.0019064161691145533,25008.8029449422,-27996.937633256148,756239,854777,-0.5689655172413792,1.6012658227848102,,,,,,,,,,
20,1637372,2132,-0.0019122161893472185,-0.0020253909980112194,25517.11825867376,-28648.127505057546,753255,853674,-0.6264674493062967,1.9148936170212765,,,,,,,,,,
21,1632133,2132,-0.0019947387364580038,-0.0021516985547477847,25999.04335553471,-29254.722273686202,750352,852348,-0.612840780771092,1.9603841536614648,,,,,,,,,,
22,1626973,2132,-0.0020824208644009148,-0.002209266883697552,26432.70718355751,-29820.749704574315,747183,851081,-0.6127601226004193,1.9183431952662726,,,,,,,,,,
23,1621653,2132,-0.0021677433097275823,-0.002312826684303993,26846.15182476612,-30361.47926621558,744228,849612,-0.622077001810881,2.007317073170732,,,,,,,,,,
24,1616537,2132,-0.0022547066348291888,-0.0022737685283316165,27252.37529044112,-30897.19198978784,740660,848394,-0.633085981609937,2.05955334987593,,,,,,,,,,
25,1611169,2132,-0.002345075294162044,-0.0024317894273488748,27650.740464930226,-31429.053081549973,737862,846787,-0.6346086956521739,1.9854721549636807,,,,,,,,,,
26,1606495,2132,-0.0024229479585038444,-0.0024942008198522727,28046.061508693816,-31938.515289290503,735218,845327,-0.6418392252578538,1.8674418604651164,,,,,,,,,,
27,1601491,2132,-0.002499025279444744,-0.0025117788343343044,28427.000101578255,-32429.16659538143,732207,843870,-0.6567826086956521,1.8977673325499413,,,,,,,,,,
28,1596286,2132,-0.0025797509628889097,-0.002569432154285279,28775.33727312681,-32893.35761867281,729678,841776,-0.6869565217391305,1.8848178563908191,,,,,,,,,,
29,1591175,2132,-0.0026525674179811417,-0.002628204405462756,29113.893282122684,-33334.59224342885,727095,839459,-0.6618376505786946,1.9885920979410128,,,,,,,,,,
30,1586135,2132,-0.002740627611766251,-0.00266267557394246,29437.180379865797,-33784.18575685481,724056,838269,-0.6604743083003952,2.09360599078341,,,,,,,,,,
31,1580921,2132,-0.0028093588889605866,-0.002807691275734838,29775.005843670257,-34216.38030776452,720837,836626,-0.6564347826086956,1.9927184466019416,,,,,,,,,,
32,1575828,2132,-0.0028682812721163185,-0.0028250628887560797,30108.660460601055,-34628.57840107755,717811,834963,-0.6618376505786946,1.9996350808904024,,,,,,,,,,
33,1570762,2132,-0.002939509841630406,-0.0029009943324095093,30420.15395108594,-35037.42430894504,714886,833041,-0.6989966555183946,2.237580086125407,,,,,,,,,,
34,1565737,2132,-0.002998931593360463,-0.0029041820770077153,30731.536479951294,-35427.07463614501,712353,830925,-0.673304347826087,2.2619047619047623,,,,,,,,,,
35,1560964,2132,-0.0030672517640678125,-0.002997865178728135,31023.82420815115,-35811.69379079775,709824,829200,-0.7189297658862877,2.3596730245231607,,,,,,,,,,
36,1555903,2132,-0.0031375342121842207,-0.0029398906516561562,31307.627870355962,-36189.32676369608,707113,827166,-0.7190635451505016,2.3873626373626373,,,,,,,,,,
37,1551147,2132,-0.0032077126213455823,-0.003159272000617916,31584.70312395385,-36560.336933416205,704754,825250,-0.7359866220735787,2.46786668541696,,,,,,,,,,
38,1546036,2132,-0.0032830005777458775,-0.0032585453307107876,31839.715486884237,-36915.352568100134,701424,823611,-0.7591973244147158,2.517831669044223,,,,,,,,,,
39,1541178,2132,-0.003350559408640423,-0.0032059354470057606,32095.932716997642,-37259.74116528731,698559,821933,-0.7372575250836121,2.5739130434782607,,,,,,,,,,
40,1535892,2132,-0.0034186579527832038,-0.003274110471853218,32331.252290041397,-37581.94169045752,695756,819548,-0.7368561872909699,2.553211723005101,,,,,,,,,,
41,1531112,2132,-0.003476490135844588,-0.003333832225242821,32576.05700054449,-37898.952765417474,692607,818259,-0.7357190635451505,2.5278969957081543,,,,,,,,,,
42,1526126,2132,-0.003536215527253816,-0.0033990414809203723,32818.031042221206,-38214.741499966745,690116,816159,-0.7304347826086957,2.502840909090909,,,,,,,,,,
43,1521356,2132,-0.0035936101043801644,-0.0034126969514113262,33053.999324564094,-38521.159618523496,687810,814281,-0.7303478260869565,2.492917847025496,,,,,,,,,,
44,1516615,2132,-0.003652315554855977,-0.003481687284357842,33282.97576579913,-38822.132321027006,685336,812179,-0.7486956521739131,2.553211723005101,,,,,,,,,,
45,1511439,2132,-0.003718089057735342,-0.0035258249803861866,33486.6568348694,-39106.3216422039,682355,810127,-0.7298260869565217,2.572566858864776,,,,,,,,,,
46,1506469,2132,-0.0037801083371023767,-0.0035611592198578216,33693.20499635743,-39387.82102284359,679632,808141,-0.7424749163879598,2.492917847025496,,,,,,,,,,
47,1501590,2132,-0.0038442398001677725,-0.003645922985936068,33894.03632560503,-39666.508367138864,677040,806230,-0.7564347826086957,2.4844559585492227,,,,,,,,,,
48,1496879,2132,-0.0039025171041101657,-0.0037489620907867915,34085.94143920864,-39927.53733949193,674163,804496,-0.7550434782608695,2.503373819163293,,,,,,,,,,
49,1491763,2132,-0.003960531174002344,-0.0037604463209778348,34273.23093123544,-40181.404796958755,671262,802583,-0.7652173913043478,2.396694214876033,,,,,,,,,,
50,1486969,2132,-0.004025583024796812,-0.0038684050477491346,34462.51229329329,-40448.42945809258,668314,801125,-0.7694782608695652,2.453781512605042,,,,,,,,,,
51,1482034,2132,-0.004063169909510509,-0.004012704667475331,34657.63938130462,-40679.39533497629,666104,798639,-0.7933043478260869,2.496867119049476,,,,,,,,,,
52,1477360,2132,-0.004109555036422679,-0.0038722021555452598,34850.596646471924,-40921.88887508127,663438,796646,-0.7926421404682275,2.6302294197031038,,,,,,,,,,
53,1472326,2132,-0.004148111055513839,-0.0038739729278348366,35039.01896477264,-41146.39072269309,660818,794535,-0.7925752508361205,2.519944979367263,,,,,,,,,,
54,1467642,2132,-0.004185358484104876,-0.003935845123611428,35214.078559781636,-41356.68645611028,658240,792422,-0.7993311036789298,2.535817834665158,,,,,,,,,,
55,1462623,2132,-0.0042278888848972605,-0.004042756104468839,35382.782244113965,-41566.58976860894,655838,790028,-0.7921739130434783,2.5513754331376846,,,,,,,,,,
56,1457836,2132,-0.004290383344313955,-0.0040338951554670915,35520.842428352684,-41775.51772149366,653414,787934,-0.7995317725752509,2.619263135563256,,,,,,,,,,
57,1453071,2132,-0.00434346660613409,-0.004203229646411838,35658.19948376754,-41969.56484860921,650977,785626,-0.8126421404682274,2.604631507775524,,,,,,,,,,
58,1448251,2132,-0.0043923291047585755,-0.004158218647104162,35803.11378340924,-42164.30880170497,648306,783717,-0.811571906354515,2.609308885754584,,,,,,,,,,
59,1443557,2132,-0.004436614171602344,-0.004272067282518941,35948.072978528,-42352.57842224392,646120,781283,-0.8193979933110368,2.691616766467066,,,,,,,,,,
60,1438364,2132,-0.00449031635494718,-0.004204094600021904,36082.52703199691,-42541.236425564144,643465,779012,-0.822675585284281,2.713855421686747,,,,,,,,,,
61,1433341,2132,-0.004542855882308338,-0.004249975746697063,36214.811396187215,-42726.272989390985,640976,776617,-0.8410033444816054,2.7027027027027026,,,,,,,,,,
62,1428942,2132,-0.004602253170018119,-0.004332753659494329,36346.78839138688,-42923.14124065874,638444,775073,-0.8373244147157191,2.7027027027027026,,,,,,,,,,
63,1424040,2132,-0.004644981828616448,-0.00431944627602585,36495.30386235835,-43109.9437855815,635826,772809,-0.8307023411371237,2.7027027027027026,,,,,,,,,,
64,1419474,2132,-0.0046923903393596145,-0.0043181227308648285,36640.31874374465,-43301.044828316706,633280,770778,-0.8330434782608696,2.8181649273836435,,,,,,,,,,
65,1414577,2132,-0.004747376900649173,-0.004315065410814314,36777.710238182095,-43493.24041217179,630647,768667,-0.8394648829431438,2.8411214953271027,,,,,,,,,,
66,1409590,2132,-0.0048075056327066485,-0.004465515349553795,36896.57047659292,-43673.182341400105,628615,766181,-0.8294314381270903,2.8707153729071533,,,,,,,,,,
67,1404823,2132,-0.0048552418958780885,-0.004524835784815096,37018.57791671375,-43839.33340260696,625578,764442,-0.8292307692307692,2.9001594994172133,,,,,,,,,,
68,1399857,2132,-0.004912341586836624,-0.004504182587656546,37119.29310927845,-43995.86886600272,623642,761708,-0.8240802675585284,2.8804016113281246,,,,,,,,,,
69,1395104,2132,-0.0049538506530670675,-0.004428896426258824,37230.00637724374,-44141.14323874018,621111,759619,-0.800066889632107,3.0745814307458144,,,,,,,,,,
70,1390268,2132,-0.005009500951695107,-0.004573666168266373,37337.9466079273,-44302.4954770385,618865,757348,-0.8117056856187291,3.26179604261796,,,,,,,,,,
71,1385749,2132,-0.005081486166759656,-0.004730247652860432,37434.51257750561,-44476.17695160641,616191,755435,-0.788695652173913,3.2942150788295192,,,,,,,,,,
72,1380915,2132,-0.005123556699686877,-0.004694469710669563,37555.18997826433,-44630.3862782123,613968,753000,-0.7691304347826087,3.2724609375,,,,,,,,,,
73,1376329,2132,-0.005159386199828888,-0.0047088446108782865,37675.19877115514,-44776.2116201794,611724,750857,-0.776695652173913,3.1604754829123323,,,,,,,,,,
74,1371499,2132,-0.005200354719876137,-0.004583149336061626,37777.597966670226,-44909.879264625895,609400,748670,-0.7709565217391304,3.1781690666268743,,,,,,,,,,
75,1367002,2132,-0.005246219882674514,-0.004759438950496923,37889.92434526463,-45061.51741732032,606584,746966,-0.7652173913043478,3.169769173492182,,,,,,,,,,
76,1362120,2132,-0.0052987883651713615,-0.004670451037791317,37966.35211329131,-45183.93772125855,604092,744705,-0.7738260869565217,3.2359419675950436,,,,,,,,,,
77,1357348,2132,-0.005338480074443363,-0.004752690459688348,38079.91072256852,-45326.085974654095,601819,742272,-0.7826086956521738,3.216867469879518,,,,,,,,,,
78,1352661,2132,-0.005384560390166334,-0.004758555116511822,38181.72842339136,-45465.21326531405,599142,740434,-0.7832107023411371,3.099560761346998,,,,,,,,,,
79,1347944,2132,-0.0054446615965935445,-0.004857993235990415,38247.784951258735,-45586.88388241754,596971,738008,-0.7785953177257525,3.4931182529726668,,,,,,,,,,
80,1343314,2132,-0.0054814195998201965,-0.004780336113680218,38339.224346684816,-45702.49203499795,594528,735913,-0.791571906354515,3.3921588946459407,,,,,,,,,,
81,1338428,2132,-0.005524330882324933,-0.0049210365568389345,38428.50723899062,-45822.42637315921,592039,733908,-0.8119063545150502,3.427437462445843,,,,,,,,,,
82,1333841,2132,-0.005574545279149637,-0.004966006472771322,38503.67998670357,-45939.237036389786,589499,731732,-0.8224080267558529,3.7297655435608403,,,,,,,,,,
83,1329347,2132,-0.005612601406846608,-0.005069617370842838,38602.95566414313,-46064.0505065303,587421,729460,-0.8282274247491639,3.9470838707397657,,,,,,,,,,
84,1324853,2132,-0.00563378977209988,-0.005160415690740866,38710.96841307027,-46174.91169400622,585524,727096,-0.8238127090301004,3.8359240069084626,,,,,,,,,,
85,1319845,2132,-0.005666424352817209,-0.005069673522372768,38780.60985023179,-46259.4117001759,582811,724880,-0.8193979933110368,3.7781569965870307,,,,,,,,,,
86,1315230,2132,-0.005722034635538588,-0.005127486051059079,38833.82475416675,-46359.61636786601,580550,722683,-0.8260200668896321,3.905395935529082,,,,,,,,,,
87,1310446,2132,-0.0057596248620156165,-0.005209486892964893,38886.02202418119,-46433.69938610995,578120,720321,-0.8327759197324415,3.810996563573883,,,,,,,,,,
88,1305840,2132,-0.005793647030523502,-0.005052919464492485,38946.41295946134,-46511.98899779997,575635,718286,-0.8308361204013378,3.9036777583187394,,,,,,,,,,
89,1301069,2132,-0.005834680301280394,-0.0050820109790270535,39014.057519778624,-46605.37918468501,573197,716145,-0.8294314381270903,3.951370468611848,,,,,,,,,,
90,1296340,2132,-0.005883667950000635,-0.005168732439402547,39070.02980726318,-46697.26391756719,570816,714045,-0.8270234113712375,3.9210003690750277,,,,,,,,,,
91,1291937,2132,-0.0059421504945502334,-0.005317753670259774,39115.95559851892,-46792.839681996804,568620,711754,-0.8327759197324415,3.914004914004914,,,,,,,,,,
92,1287170,2132,-0.005987094761873419,-0.005350295513169723,39162.61347954789,-46869.02224418832,566338,709416,-0.8354515050167224,3.890829694323145,,,,,,,,,,
93,1282321,2132,-0.006057462219152949,-0.005419571506461907,39192.217285799496,-46959.82829612614,563879,707185,-0.8381939799331104,3.8950193178440937,,,,,,,,,,
94,1277684,2132,-0.006090786689999741,-0.005457224359876227,39242.627311479955,-47024.72801270544,561577,704853,-0.8327759197324415,4.027020233756441,,,,,,,,,,
95,1272726,2132,-0.006124323029305853,-0.005608307591901323,39295.82468185693,-47090.4098336534,558971,702842,-0.8321070234113712,3.946996466431095,,,,,,,,,,
96,1268347,2132,-0.0061495886959432484,-0.005570491781215397,39361.769029875766,-47161.58140360943,556671,700580,-0.8307692307692308,3.92091388400703,,,,,,,,,,
97,1263475,2132,-0.006175137492872301,-0.005557601567058251,39425.12355882228,-47227.255402629155,554354,698245,-0.8309698996655519,3.933920704845815,,,,,,,,,,
98,1258673,2132,-0.006243031136652234,-0.005426205908034871,39444.090737453225,-47302.02546731672,551681,696016,-0.8328428093645485,3.8191941618905005,,,,,,,,,,
99,1254393,2132,-0.006286762938716985,-0.005478290880491542,39490.31740769413,-47376.3888306802,549896,693869,-0.8327759197324415,3.8468063008481908,,,,,,,,,,
100,1249761,2132,-0.006328260101785616,-0.005478698309751812,39534.88532356636,-47443.69799663405,547140,692001,-0.8383946488294314,3.5954621848739494,,,,,,,,,,
101,1245127,2132,-0.006372177197830425,-0.005571907714613407,39557.87403251721,-47492.04391032043,544785,689880,-0.8359866220735785,3.645655339805825,,,,,,,,,,
102,1240478,2132,-0.006416006232053514,-0.005487981213405376,39586.209868169695,-47545.12444689492,542193,687672,-0.8395317725752509,3.8,,,,,,,,,,
103,1235891,2132,-0.006458156515533047,-0.0055079504967213335,39611.13673904196,-47592.71425318075,540015,685422,-0.8375919732441471,3.645655339805825,,,,,,,,,,
104,1231346,2132,-0.006501369426660478,-0.00533033920709201,39634.477414176356,-47639.91265221693,537748,683326,-0.8377926421404682,3.665061124694377,,,,,,,,,,
105,1226565,2132,-0.0065311589451154594,-0.005429391966521499,39663.67128796396,-47674.562259479426,535289,681021,-0.8401337792642141,3.794520547945206,,,,,,,,,,
106,1221813,2132,-0.006575461427359555,-0.0056780921434327405,39678.17507765464,-47712.15933060102,532910,678627,-0.8392642140468227,3.757281553398059,,,,,,,,,,
107,1217450,2132,-0.006610965188170633,-0.005588228541771617,39704.58196950636,-47753.10153784466,531011,676494,-0.8454180602006689,3.7921760391198047,,,,,,,,,,
108,1212815,2132,-0.006648598902466811,-0.00562723118147159,39719.77006327018,-47783.29054116541,528741,674015,-0.8461538461538461,4.211188524590164,,,,,,,,,,
109,1208056,2132,-0.006685173270325777,-0.005493667102689782,39730.6149507541,-47806.67863101095,526316,671929,-0.8461538461538461,4.76004530011325,,,,,,,,,,
110,1203414,2132,-0.006748148407990786,-0.005607128020924696,39726.9309946857,-47847.74726293966,523524,669991,-0.8461538461538461,4.704742249540132,,,,,,,,,,
111,1198752,2132,-0.006783084419604912,-0.005570604978662152,39748.47102766736,-47879.70704183773,521031,668047,-0.8490969899665552,5.10578631452581,,,,,,,,,,
112,1194395,2132,-0.006795693637137528,-0.005563642217238797,39786.07619474564,-47902.818696474584,518970,665820,-0.8446822742474916,5.172475728155339,,,,,,,,,,
113,1189835,2132,-0.006818857037441681,-0.005589192732875518,39814.0157882278,-47927.33055137214,516366,663881,-0.8460200668896322,5.342015855039637,,,,,,,,,,
114,1185066,2132,-0.006864558569969657,-0.005845267201419106,39803.907339177094,-47938.862305456845,513818,661809,-0.8464882943143812,5.427370948379352,,,,,,,,,,
115,1180526,2132,-0.006884840539708554,-0.0053396462068867915,39832.30145191984,-47960.03471489993,511751,659330,-0.8444816053511706,5.722689075630252,,,,,,,,,,
116,1175699,2132,-0.006934683306941328,-0.005651705805411901,39832.29792495871,-47985.39815424637,509082,657407,-0.8461538461538461,5.796116504854369,,,,,,,,,,
117,1171277,2132,-0.006972169034577839,-0.005575582718825955,39832.98277744944,-47999.32400776258,506680,655270,-0.8448160535117057,5.84596577017115,,,,,,,,,,
118,1166650,2132,-0.007026493051221533,-0.0058215794924205136,39815.54218053508,-48013.00029874262,504424,653158,-0.8461538461538461,5.796116504854369,,,,,,,,,,
119,1161921,2132,-0.007042276185937957,-0.005555427475490379,39821.28405882809,-48003.85264706915,502208,650572,-0.845551839464883,5.76328502415459,,,,,,,,,,
120,1157192,2132,-0.0070916430561584415,-0.005561947658046106,39801.21231404859,-48007.60492549059,499492,648770,-0.8463545150501672,5.746987951807228,,,,,,,,,,
121,1152861,2132,-0.007108223244815513,-0.005869161973550492,39820.957804176745,-48015.75116241814,497154,646663,-0.8458193979933111,5.76328502415459,,,,,,,,,,
122,1148051,2132,-0.007139345856213016,-0.005717961461564456,39820.52388790224,-48016.85703747359,495049,644030,-0.8462207357859532,5.879606879606879,,,,,,,,,,
123,1143537,2132,-0.007182284498759481,-0.0056603370238892505,39814.22413309912,-48027.432201956944,492994,641654,-0.8505685618729097,5.862745098039215,,,,,,,,,,
124,1139077,2132,-0.0072309166744654015,-0.005801156654276011,39804.57086056046,-48041.141733360346,490995,639133,-0.8478260869565217,5.905055487053022,,,,,,,,,,
125,1134661,2132,-0.0072814916770021325,-0.00594168429788691,39783.412256566626,-48045.43688428563,488632,637495,-0.8475585284280936,5.8965517241379315,,,,,,,,,,
126,1130012,2132,-0.00729057765533418,-0.005754179225763493,39791.273051464465,-48029.713288924104,486482,635021,-0.8435451505016722,5.930693069306931,,,,,,,,,,
127,1125447,2132,-0.007300759486897375,-0.005686316528299956,39800.94745148896,-48017.5653137393,484314,632660,-0.8418521312712184,5.913580246913581,,,,,,,,,,
128,1120843,2132,-0.007345537107191613,-0.005862883112504139,39774.99397236168,-48008.18782019779,481759,630669,-0.8468085106382979,5.965347396701411,,,,,,,,,,
129,1116134,2132,-0.007371662931286311,-0.006003687485469697,39768.23266868743,-47995.996302835796,479521,628286,-0.8481012658227849,6.035175879396985,,,,,,,,,,
130,1111635,2132,-0.007443812454858947,-0.006041911122699686,39726.14155539335,-48000.94401365061,477078,626303,-0.8481012658227849,6.0,,,,,,,,,,
131,1106848,2132,-0.007477392109482106,-0.005982539951206522,39710.040359086954,-47986.376860683085,474654,624063,-0.8473417721518988,5.8965517241379315,,,,,,,,,,
132,1102488,2132,-0.007494303811544398,-0.0059120430633448654,39712.42515452281,-47974.80517510465,472720,621700,-0.8572765957446808,5.947890818858561,,,,,,,,,,
133,1098081,2132,-0.007512551148896063,-0.005886918276485338,39710.22347913885,-47959.61315726962,470300,619814,-0.8584810126582278,5.913409545443323,,,,,,,,,,
134,1093530,2132,-0.007515344199169108,-0.005850446005236896,39722.994402402604,-47941.24874452016,468152,617510,-0.8572151898734177,5.913580246913581,,,,,,,,,,
135,1088890,2132,-0.007536190651258818,-0.005750731721928755,39700.244115682435,-47906.32675393157,466135,614932,-0.8567932489451477,5.81265206812652,,,,,,,,,,
136,1084363,2132,-0.0076096589783276845,-0.006026289813104455,39650.49866774227,-47902.13130645869,463856,612724,-0.8562869198312236,5.730769230769231,,,,,,,,,,
137,1079651,2132,-0.007628189614762539,-0.005668809043500562,39625.561343326575,-47861.34388909451,461745,610122,-0.8537872340425532,5.76328502415459,,,,,,,,,,
138,1075272,2132,-0.007664483459603911,-0.0059782033560637935,39610.58273839031,-47851.98719696555,459550,607942,-0.855404255319149,5.8965517241379315,,,,,,,,,,
139,1070938,2132,-0.00769902338088882,-0.005901797527943344,39594.26701552524,-47839.443717007496,457402,605920,-0.8566244725738397,5.872008835439932,,,,,,,,,,
140,1066362,2132,-0.0077355633207570685,-0.00611638190372471,39557.376915861845,-47806.28768971088,455223,603538,-0.8622660098522168,5.854345165238678,,,,,,,,,,
141,1061880,2131,-0.007791438864766242,-0.006064219767114364,39511.89668255834,-47785.46978427652,453540,600764,-0.8626584143825523,5.913409545443323,,,,,,,,,,
142,1057198,2132,-0.00782720602543743,-0.006048860013841331,39464.444140737425,-47739.35069641788,451247,598374,-0.864039408866995,5.869311351537008,,,,,,,,,,
143,1052556,2131,-0.007847792764654329,-0.006088066181607221,39440.79330462527,-47701.03466581901,449143,595993,-0.8644267609784851,5.6825775656324575,,,,,,,,,,
144,1048111,2132,-0.007876768058098262,-0.006223649272949007,39418.6714608672,-47674.39870700854,446743,593971,-0.8668698219217217,5.6746126340881995,,,,,,,,,,
145,1043541,2132,-0.007888617168239548,-0.006106037896887238,39391.549533070865,-47623.64498143272,444492,591705,-0.8681629573745756,5.7551266586248495,,,,,,,,,,
146,1038959,2132,-0.007921950514008062,-0.006428673813607922,39357.0193051108,-47587.60108919401,442409,589351,-0.8685839443862489,5.7590402162892875,,,,,,,,,,
147,1034325,2132,-0.007959701201099009,-0.0060536021309085105,39306.45438998204,-47539.37233480897,440136,587033,-0.8698604300264051,5.7551266586248495,,,,,,,,,,
148,1030023,2132,-0.007986865648464734,-0.0059159822244111895,39269.7407691705,-47496.396084999215,438172,584733,-0.8708860759493671,5.84596577017115,,,,,,,,,,
149,1025564,2132,-0.008023166378516506,-0.006068035573132671,39228.59910464808,-47456.86970846476,435876,582562,-0.8709704641350211,5.71462829736211,,,,,,,,,,
150,1021188,2132,-0.00804827158555124,-0.006230150395038229,39186.09421197002,-47404.892575876045,433425,580655,-0.8810212765957447,5.698564593301436,,,,,,,,,,
151,1016378,2132,-0.008040092925779853,-0.006235156184733272,39172.013643074664,-47343.78721079292,431201,578256,-0.8820253164556962,5.714467278962136,,,,,,,,,,
152,1011788,2131,-0.008073823580885908,-0.00638096841161425,39117.91893384661,-47286.91674710408,429162,575809,-0.8825531914893617,5.5709189899558815,,,,,,,,,,
153,1007276,2131,-0.008087239165231736,-0.006015134145438736,39083.0574888272,-47229.1394062253,426920,573572,-0.8835443037974684,5.666825400604775,,,,,,,,,,
154,1002757,2132,-0.008137505728463095,-0.0059604203013572075,39010.308448105854,-47170.24927986241,424706,571229,-0.8820253164556962,5.750566565408168,,,,,,,,,,
155,998209,2131,-0.008169127096581403,-0.006253519420664667,38952.167249281854,-47106.66343923321,422869,568671,-0.8821940928270042,5.666666666666666,,,,,,,,,,
156,993902,2131,-0.008199561254505314,-0.0063005515098361635,38907.27010854266,-47056.83043851809,420911,566243,-0.8811814345991561,5.6988851141202925,,,,,,,,,,
157,989087,2132,-0.008247218098285304,-0.006089977869319345,38846.42323234134,-47003.63943952015,418589,563938,-0.8806751054852321,5.6825775656324575,,,,,,,,,,
158,984599,2132,-0.008277636851903435,-0.006143789815506943,38787.80035591137,-46937.95332265864,416423,561785,-0.8783966244725738,5.60377358490566,,,,,,,,,,
159,980154,2132,-0.008302578450830926,-0.006089790284602578,38745.02357442882,-46882.82905332469,414375,559418,-0.8771063829787235,5.650673380679795,,,,,,,,,,
160,975604,2132,-0.008297898246238637,-0.006025980749650207,38719.685482752975,-46815.14820337635,412341,556863,-0.8781434599156118,5.665873110344007,,,,,,,,,,
161,971013,2132,-0.00830202829479931,-0.0062244393280117705,38681.74079277626,-46743.11819339441,410121,554406,-0.8772151898734177,5.572769953051644,,,,,,,,,,
162,966599,2132,-0.00833828079901789,-0.006291154183956094,38618.15768794242,-46677.93156999257,408018,552256,-0.8765957446808511,5.504065040650407,,,,,,,,,,
163,962239,2132,-0.00837443511018077,-0.0062259370511938104,38568.40401919272,-46626.61208517817,406197,549822,-0.8776371308016878,5.79925208227095,,,,,,,,,,
164,957595,2132,-0.008409255630517525,-0.006282130310055576,38506.07473516078,-46558.73588066631,404011,547207,-0.878507871321013,5.830434464420754,,,,,,,,,,
165,953156,2132,-0.008435233266937422,-0.006232201474080149,38438.30154223756,-46478.39474201854,402398,544659,-0.8843258042436687,5.81265206812652,,,,,,,,,,
166,948517,2131,-0.008462112673481298,-0.006413793697466422,38382.87897655184,-46409.33670326433,400034,542312,-0.8800851063829788,5.860054880439043,,,,,,,,,,
167,944153,2132,-0.008496454379829963,-0.006100010062441557,38323.78443082428,-46345.737322903726,397652,540260,-0.8810970464135022,5.83293474547318,,,,,,,,,,
168,939546,2131,-0.0085370046511033,-0.006158423407538829,38249.864864823474,-46270.77343674924,395681,537897,-0.8813617021276596,5.746987951807228,,,,,,,,,,
169,935388,2132,-0.008567177338849177,-0.006255762606368004,38196.86456311252,-46210.499439744046,394049,535332,-0.8823628691983123,5.846133157289909,,,,,,,,,,
170,930755,2132,-0.008590972403044567,-0.006270348149944526,38141.2724756504,-46137.36299464625,391855,532836,-0.8801687763713081,5.879606879606879,,,,,,,,,,
171,926381,2131,-0.008599511258844448,-0.006268609884168544,38101.457553799955,-46067.88139327948,389603,530762,-0.8765400843881856,5.8790998206520415,,,,,,,,,,
172,921913,2132,-0.008627895319923704,-0.006391967657042779,38035.581250109244,-45989.7501081859,387727,528260,-0.8709704641350211,5.845798391237379,,,,,,,,,,
173,917446,2132,-0.008676147205224301,-0.0065028874783869565,37948.38444425848,-45908.28099310263,385582,525958,-0.8717299578059072,5.953066154125867,,,,,,,,,,
174,912838,2132,-0.008708223987476515,-0.006467663423311787,37873.80412162769,-45823.001889907595,383412,523620,-0.8731063829787233,6.272538375626607,,,,,,,,,,
175,908269,2131,-0.008735666647889176,-0.006500205651788104,37808.45121233931,-45742.78642295112,381246,521301,-0.8760851063829788,6.197943444730077,,,,,,,,,,
176,903888,2131,-0.008771623903468114,-0.006591180598311022,37730.28091701254,-45658.846503870685,379262,518870,-0.8771308016877637,6.235142118863049,,,,,,,,,,
177,899525,2131,-0.008803591601278724,-0.006572461727319571,37657.20748336218,-45576.25821850259,377346,516659,-0.8765400843881856,6.225806451612903,,,,,,,,,,
178,895078,2132,-0.008828262125195592,-0.006542445786466724,37575.85546485006,-45477.83867134592,375012,514331,-0.8769620253164557,6.253886010362694,,,,,,,,,,
179,890389,2125,-0.008885102731404476,-0.006376534980555922,37464.60914497375,-45375.80688088629,373128,511618,-0.8734177215189873,6.197943444730077,,,,,,,,,,
180,885863,2125,-0.008926026807536482,-0.006481483650507365,37394.44251764565,-45301.67940345031,370865,509358,-0.873531914893617,6.152710366320952,,,,,,,,,,
181,881347,2125,-0.00893285537226544,-0.006483705114292758,37325.08293510789,-45198.02821888787,368853,506925,-0.8745991561181434,6.235142118863049,,,,,,,,,,
182,877013,2125,-0.0089537271774202,-0.006416793611006945,37259.209298297224,-45111.74443134786,366878,504570,-0.8734177215189873,6.225806451612903,,,,,,,,,,
183,872598,2125,-0.008966964005525439,-0.006516237562876432,37191.711291907915,-45016.26614920155,365103,502056,-0.8711392405063292,6.291666666666667,,,,,,,,,,
184,867910,2124,-0.008992995869806761,-0.006429270868442528,37086.42139612388,-44891.532441487885,363160,499469,-0.8703797468354431,6.30593607305936,,,,,,,,,,
185,863403,2125,-0.009069040980485703,-0.006539921696956168,36963.465151447854,-44793.70234112203,360769,497313,-0.8658227848101265,6.291666666666667,,,,,,,,,,
186,858953,2125,-0.009098272083772882,-0.0066801223824515,36883.62461928839,-44698.612720461286,358653,494994,-0.8630638297872341,6.254073939739372,,,,,,,,,,
187,854505,2125,-0.009116030012110851,-0.006639736952894993,36812.282357396165,-44601.97558289488,356714,492648,-0.8642194092827005,6.292236372633279,,,,,,,,,,
188,850080,2125,-0.009161945393216074,-0.00663762983982578,36719.27184444807,-44507.65838431294,354715,490217,-0.865531914893617,6.235703026074373,,,,,,,,,,
189,845502,2125,-0.009187565556962034,-0.0065928830640553625,36631.243274496745,-44399.34832803917,352769,487577,-0.8740886699507389,6.249754026202682,,,,,,,,,,
190,840927,2125,-0.00920655944406373,-0.006658361555503475,36551.75747307328,-44293.80188669157,350685,485150,-0.874447391688771,6.235142118863049,,,,,,,,,,
191,836732,2125,-0.009264114661883009,-0.0068225313427755195,36451.14533650489,-44202.72652577159,348633,483040,-0.8734653465346535,6.253886010362694,,,,,,,,,,
192,832174,2125,-0.009307054895337863,-0.007063558161647873,36339.89004387363,-44084.97914434658,346823,480435,-0.8759148936170212,6.263294422827497,,,,,,,,,,
193,827764,2125,-0.009318957092534441,-0.006795231310822736,36260.91671426039,-43974.81391300495,344637,478062,-0.8782973050185696,6.348888480617307,,,,,,,,,,
194,823394,2124,-0.009372273202956746,-0.007108427939554183,36151.08839233467,-43868.161914010256,342525,475941,-0.8794794417201056,6.36842105263158,,,,,,,,,,
195,818749,2124,-0.009433697410087646,-0.007044518485018906,36024.37067380602,-43748.20099461773,340570,473370,-0.8774047529234251,6.284079084287201,,,,,,,,,,
196,814444,2125,-0.009475490657645623,-0.006851007111426133,35923.15346097522,-43640.40997415061,338362,471279,-0.8808510638297873,6.253886010362694,,,,,,,,,,
197,810017,2125,-0.009514183884404424,-0.006619795875269108,35828.496515828585,-43535.14720332201,336337,468901,-0.8818565400843882,6.289958082741024,,,,,,,,,,
198,805606,2125,-0.009549000764657173,-0.006813353488200872,35727.44263048839,-43420.17494050093,334244,466564,-0.8823628691983123,6.216308858019123,,,,,,,,,,
199,800836,2124,-0.009582992773445142,-0.0071709565878748174,35625.64465646109,-43300.05025717578,331906,464176,-0.8912340425531915,6.225806451612903,,,,,,,,,,
200,796529,2125,-0.009648698819077478,-0.007189169466363748,35503.270596543785,-43188.73901820475,330101,461703,-0.8921518987341772,6.142857142857143,,,,,,,,,,
201,792040,2125,-0.009672922936173932,-0.006801050608221338,35402.93238991887,-43064.274272286086,328040,459341,-0.890295358649789,6.052896725440806,,,,,,,,,,
202,787315,2124,-0.00974586799036161,-0.007168404213204757,35274.539835843476,-42947.60789267505,325845,456897,-0.8880168776371308,6.068565081288499,,,,,,,,,,
203,782996,2125,-0.009777354180318493,-0.007088730504727294,35168.923780571764,-42824.55299434435,324019,454477,-0.8869198312236287,6.017543859649122,,,,,,,,,,
204,778407,2124,-0.009768702079460113,-0.007087189261393789,35092.554331409374,-42696.58041097564,321946,451882,-0.8821097046413502,6.034468897598232,,,,,,,,,,
205,773956,2124,-0.009793082414920372,-0.007270177647007186,34994.954755543105,-42574.36964906514,319828,449506,-0.8811814345991561,6.133576214618736,,,,,,,,,,
206,769493,2125,-0.009821624794992012,-0.007195260284475552,34890.73303426441,-42448.40456263721,318042,446997,-0.8811914893617021,6.0886075949367084,,,,,,,,,,
207,764972,2124,-0.00981646360759787,-0.00732565316526215,34790.74008745177,-42300.05988628303,316053,444429,-0.8821940928270042,6.0886075949367084,,,,,,,,,,
208,760408,2125,-0.009887932797654507,-0.007355203890100074,34657.53492412155,-42176.39812692043,313872,442207,-0.8810126582278481,6.138850645046148,,,,,,,,,,
209,756048,2118,-0.009904162618165272,-0.007258654334477172,34550.533437180726,-42038.555776319365,311981,439682,-0.8811814345991561,6.141399714344011,,,,,,,,,,
210,751642,2118,-0.009905764582607054,-0.0071906602076276145,34464.11137716207,-41909.70007956218,310029,437277,-0.8818565400843882,6.142857142857143,,,,,,,,,,
211,747237,2118,-0.009969575677676616,-0.007181921200770664,34337.62859975804,-41787.264420418156,308194,434715,-0.8818565400843882,6.08842814105972,,,,,,,,,,
212,742764,2117,-0.010034184000785654,-0.007307830314308191,34206.690786307794,-41659.721431467144,305965,432594,-0.885531914893617,6.115628970775095,,,,,,,,,,
213,738284,2118,-0.0100490152582488,-0.00718435089016936,34114.4349979165,-41533.4621788375,303971,430039,-0.8864978902953586,6.0887870579002,,,,,,,,,,
214,733886,2118,-0.010110858822477172,-0.007430080313898214,33987.65779104073,-41407.875528833356,302041,427675,-0.8835443037974684,6.0886075949367084,,,,,,,,,,
215,729286,2118,-0.010129065001947388,-0.007317593328042893,33867.62826642749,-41254.6135654377,300185,424986,-0.8835443037974684,6.017543859649122,,,,,,,,,,
216,725069,2118,-0.01017189618322317,-0.007190614122835213,33763.31217934348,-41138.63877301675,298166,422880,-0.8844725738396625,6.2729161796410295,,,,,,,,,,
217,720557,2118,-0.010222934610731663,-0.007528327177632823,33628.47101283463,-40994.678107139516,295959,420511,-0.8837974683544304,6.387862796833773,,,,,,,,,,
218,716030,2118,-0.010273573163217638,-0.007703178148177787,33492.50384781785,-40848.69043987677,294050,417999,-0.8845106382978724,6.326774126020514,,,,,,,,,,
219,711722,2118,-0.010332270095375979,-0.007373760259726839,33365.64798556803,-40719.351922389345,292293,415463,-0.8854852320675106,6.144679765246236,,,,,,,,,,
220,707323,2118,-0.010372680671337476,-0.0073352321239927255,33243.00363141811,-40579.83924191067,290241,413270,-0.8838818565400843,6.035175879396985,,,,,,,,,,
221,702833,2118,-0.010400163392437826,-0.007543014820389725,33119.95724237326,-40429.53527997057,288504,410532,-0.8840506329113924,5.947546027492432,,,,,,,,,,
222,698520,2118,-0.010496347290418645,-0.007531947227004735,32980.83017991431,-40312.73868921757,286555,408188,-0.8843037974683544,6.123956849175657,,,,,,,,,,
223,694097,2118,-0.01054113638166022,-0.007651525924746155,32845.5608270789,-40162.131966180044,284514,405863,-0.8850632911392405,5.987771400049914,,,,,,,,,,
224,689638,2118,-0.010587375679462389,-0.00783580717691188,32718.897407238233,-40020.353996071375,282542,403368,-0.8851063829787233,5.982543640897756,,,,,,,,,,
225,685221,2118,-0.010604347831668274,-0.008029069249532415,32599.99477325244,-39866.31659881602,280656,400873,-0.8860759493670887,6.008760951188986,,,,,,,,,,
226,680645,2117,-0.010637816058471696,-0.0077824917314964215,32480.895825884265,-39721.47213700258,278624,398352,-0.8855696202531645,5.956521739130435,,,,,,,,,,
227,676211,2118,-0.010671407107233,-0.007675788994208782,32360.45643165582,-39576.57930304505,276739,395792,-0.8860759493670887,5.982543640897756,,,,,,,,,,
228,671985,2118,-0.01070361760838061,-0.00778132276059941,32241.528255294787,-39434.198733862395,274710,393636,-0.8852320675105485,6.035175879396985,,,,,,,,,,
229,667526,2118,-0.010802541466880245,-0.007727234088802773,32074.650589194378,-39285.62788441491,272511,391412,-0.8818565400843882,6.142857142857143,,,,,,,,,,
230,663172,2118,-0.010826267837440885,-0.008022704570647932,31948.318131041455,-39127.99582533289,270597,388945,-0.8815189873417721,6.106598984771574,,,,,,,,,,
231,658658,2118,-0.010885248516980004,-0.007781709256413494,31792.319401593053,-38961.9754192902,268704,386462,-0.8811814345991561,6.197573389542954,,,,,,,,,,
232,654227,2118,-0.010982923531791986,-0.007983651645475855,31623.063577923796,-38808.388691357206,266773,383924,-0.8808438818565401,6.088966529950883,,,,,,,,,,
233,649869,2118,-0.011063152968631345,-0.00809294495055707,31465.55195043897,-38655.15210701044,264832,381569,-0.8806751054852321,6.035352647051433,,,,,,,,,,
234,645506,2118,-0.011090012293499077,-0.008295178811139368,31337.812948541683,-38496.48242406906,262996,379047,-0.880759493670886,6.197943444730077,,,,,,,,,,
235,640920,2118,-0.011176301441782105,-0.00825283752783755,31162.480271176246,-38325.59539124335,260968,376564,-0.8819574468085106,6.204054853731958,,,,,,,,,,
236,636307,2118,-0.011188142037160379,-0.008072878932132046,31026.778826326838,-38145.871921566366,259038,373834,-0.8829535864978904,6.253886010362694,,,,,,,,,,
237,631853,2118,-0.01123706877481006,-0.008103896797989583,30878.444295718968,-37978.61991228898,257260,371360,-0.8826160337552743,6.216494845360825,,,,,,,,,,
238,627451,2118,-0.011239433733637066,-0.008171081921095837,30768.547823413293,-37820.741759017495,255315,368888,-0.8820253164556962,6.106598984771574,,,,,,,,,,
239,623007,2118,-0.011307585095075153,-0.008017055224299387,30609.745641073212,-37654.45030840074,253408,366427,-0.8816877637130802,5.81066355322047,,,,,,,,,,
240,618541,2118,-0.011314838771319084,-0.008281392061490797,30482.36489409819,-37481.05658254868,251389,364021,-0.8814345991561181,5.81265206812652,,,,,,,,,,
241,614194,2118,-0.0113318973696624,-0.008434974128201624,30353.3907234776,-37313.37409654011,249578,361481,-0.8813502109704642,5.528328281650735,,,,,,,,,,
242,609627,2118,-0.011349380644527765,-0.00847690163299594,30208.28905514801,-37127.17792932964,247652,358838,-0.8813502109704642,5.559128841848158,,,,,,,,,,
243,605160,2118,-0.011454469162253591,-0.0082842476018697,30021.789496790625,-36953.57605502002,245701,356342,-0.8806751054852321,5.433740953331671,,,,,,,,,,
244,600721,2118,-0.011552604645317294,-0.00850883454300184,29847.623845607508,-36787.516060747264,243672,353986,-0.8809282700421941,5.428927680798005,,,,,,,,,,
245,596276,2118,-0.011621933242480805,-0.008856845283870107,29695.439603001494,-36625.31946909489,241757,351478,-0.8810126582278481,5.71462829736211,,,,,,,,,,
246,592020,2118,-0.011709010659864239,-0.008680884671200071,29535.591165243663,-36467.55965609654,239921,349094,-0.8804219409282701,5.76328502415459,,,,,,,,,,
247,587489,2118,-0.011732440272977278,-0.008695839990113462,29399.224392724267,-36291.903996255496,237907,346542,-0.8781068469669555,5.727696484778586,,,,,,,,,,
248,583079,2118,-0.011723945167434526,-0.008859510053390867,29269.339936569373,-36105.32616085186,235955,344159,-0.8792908336476801,5.738868832731648,,,,,,,,,,
249,578544,2118,-0.011793480545669551,-0.008776812531782977,29102.759189931094,-35925.80659874495,233957,341672,-0.8809361702127659,5.81265206812652,,,,,,,,,,
250,574062,2118,-0.011865242976050752,-0.00866639542597916,28918.92729046798,-35730.3124037856,232201,339031,-0.8826382978723404,5.8965517241379315,,,,,,,,,,
251,569437,2118,-0.01193110250206669,-0.008712576228323193,28747.599213520436,-35541.6104289897,230095,336427,-0.890127659574468,5.980454726765059,,,,,,,,,,
252,565248,2118,-0.01197894489444535,-0.008742450486571263,28596.476682243698,-35367.55132593931,228246,334057,-0.8910548523206752,6.017543859649122,,,,,,,,,,
253,560770,2117,-0.012023748710534264,-0.008993967052111735,28445.3030071959,-35187.86057160229,226373,331548,-0.8910638297872341,5.930693069306931,,,,,,,,,,
254,556488,2117,-0.012062524144186154,-0.008977349204998908,28308.278180293575,-35020.928116243536,224515,329215,-0.8919831223628691,5.954448363220902,,,,,,,,,,
255,551929,2118,-0.012083999211285187,-0.00904887568984056,28155.555116172054,-34825.06471685757,222586,326576,-0.8921518987341772,5.879606879606879,,,,,,,,,,
256,547305,2118,-0.012175236805036665,-0.009235229016915841,27967.53193136164,-34631.099910942256,220515,324042,-0.8895358649789029,5.970722963553078,,,,,,,,,,
257,542994,2118,-0.012265870243030911,-0.008887602273576855,27787.354417872375,-34447.64836461656,218585,321673,-0.8888510638297873,6.032348804500703,,,,,,,,,,
258,538481,2118,-0.012318598121696101,-0.008918020669314873,27618.151866166623,-34251.48290133553,216571,319163,-0.8914893617021277,5.8790998206520415,,,,,,,,,,
259,533920,2118,-0.012375139961466637,-0.00938071650360026,27442.57310692993,-34049.90783515639,214637,316616,-0.8936170212765957,5.81265206812652,,,,,,,,,,
260,529541,2118,-0.012435329446349109,-0.009256396605789443,27279.43574487607,-33864.45253522534,212797,314074,-0.8945147679324894,5.731740154830024,,,,,,,,,,
261,525149,2117,-0.01246735403389805,-0.009394055464259336,27124.781032001138,-33671.9995355486,210942,311671,-0.8927426160337553,5.837606837606838,,,,,,,,,,
262,520683,2118,-0.01250235876932651,-0.00947655660876495,26952.856703735262,-33462.62237482451,208991,309138,-0.8922362869198313,5.9473736446418375,,,,,,,,,,
263,516206,2117,-0.012590315579996781,-0.009551569946098121,26767.563602371072,-33266.76004665897,207124,306514,-0.893531914893617,5.75317157879504,,,,,,,,,,
264,511746,2118,-0.012610306375905973,-0.009289408385437199,26605.279648253476,-33058.55349489777,205294,303901,-0.8944303797468355,5.690561529271207,,,,,,,,,,
265,507286,2118,-0.012685306226295752,-0.009339310613988551,26427.618119426847,-32862.696373739534,203371,301454,-0.8940928270042194,5.658739595719382,,,,,,,,,,
266,502795,2118,-0.012782793653337333,-0.009553168728683165,26240.54227703925,-32667.667011969,201313,299035,-0.8938396624472574,5.698564593301436,,,,,,,,,,
267,498315,2118,-0.012836746690671573,-0.009446404389140675,26062.689073791098,-32459.432500953124,199361,296576,-0.8939240506329114,5.619541833140263,,,,,,,,,,
268,493797,2118,-0.01285116613783155,-0.009311759386437812,25908.62488469691,-32254.492170059606,197391,293990,-0.8935864978902954,5.481631519248131,,,,,,,,,,
269,489633,2118,-0.012934001409854373,-0.009885855800773872,25723.794250509218,-32056.708162820472,195555,291758,-0.8928270042194093,5.76328502415459,,,,,,,,,,
270,484986,2118,-0.012979536621790886,-0.009837563940027846,25540.355613938904,-31835.24916199458,193643,288988,-0.8915611814345992,5.730769230769231,,,,,,,,,,
271,480426,2118,-0.013034343936233652,-0.009893548417706248,25362.37359025173,-31624.41131016063,191463,286611,-0.8919831223628691,5.8711656441717786,,,,,,,,,,
272,475917,2118,-0.013122907655008224,-0.009819210928846498,25169.314298798417,-31414.72914124695,189501,283987,-0.8912236286919831,5.884512306065747,,,,,,,,,,
273,471409,2118,-0.013151654589011663,-0.009615954365746361,24993.778737110777,-31193.58707526215,187708,281452,-0.890801687763713,5.892986386351887,,,,,,,,,,
274,466924,2118,-0.013182092516787073,-0.01000781041946385,24830.36710433539,-30985.402470643563,185673,279041,-0.8913924050632911,5.76328502415459,,,,,,,,,,
275,462499,2118,-0.013216347667148283,-0.009939840305087952,24656.306442387402,-30768.854022095908,183795,276547,-0.8907172995780591,5.730769230769231,,,,,,,,,,
276,457831,2118,-0.013251465925900856,-0.00977214820754824,24481.81116838427,-30548.743064705293,181679,273942,-0.8912340425531915,5.829268292682928,,,,,,,,,,
277,453492,2118,-0.013298925889008243,-0.009896940487559614,24304.808663647193,-30335.765162905358,179870,271501,-0.8921518987341772,6.021943573667712,,,,,,,,,,
278,448957,2118,-0.01335699945407944,-0.010111638672907465,24116.61520333017,-30113.33360723532,177854,269016,-0.8925738396624473,6.09993153637447,,,,,,,,,,
279,444559,2118,-0.013422230512010509,-0.010200554053419329,23926.10525737392,-29893.078631562905,175940,266516,-0.8929113924050633,6.216680842289749,,,,,,,,,,
280,439979,2118,-0.013412530232348776,-0.010170389284586153,23749.36208092945,-29650.593720027995,174117,263776,-0.8911392405063291,6.0,,,,,,,,,,
281,435584,2118,-0.013428988208866165,-0.010217125855200506,23583.104481442013,-29432.556881412824,172303,261277,-0.8909704641350211,6.052896725440806,,,,,,,,,,
282,430967,2118,-0.01354406066819325,-0.010046741600535732,23375.290497082628,-29212.333691072025,170401,258598,-0.8911392405063291,5.6350710900473935,,,,,,,,,,
283,426681,2118,-0.013574077601945463,-0.010204047408719703,23195.599783962378,-28987.40078923793,168545,256161,-0.8913924050632911,5.236750629722922,,,,,,,,,,
284,422146,2118,-0.013631562484454591,-0.01031012853333918,23017.630580395424,-28772.14015695813,166551,253653,-0.890468085106383,5.270996640537514,,,,,,,,,,
285,417430,2118,-0.013674802301093934,-0.010228672821097875,22818.269394724764,-28526.542119270416,164571,250916,-0.8913924050632911,5.175317185697809,,,,,,,,,,
286,413025,2118,-0.013743550549205135,-0.01074584637814135,22629.350219489657,-28305.780185075077,162519,248576,-0.8912236286919831,5.459054209919262,,,,,,,,,,
287,408479,2117,-0.013816945605488677,-0.01053762329728333,22427.662193315307,-28071.59431729965,160673,245858,-0.8918143459915612,5.948251366120218,,,,,,,,,,
288,404024,2118,-0.013844422267855743,-0.010194014859363023,22243.20865451573,-27836.68751686387,158947,243216,-0.8932765957446809,5.929318801089918,,,,,,,,,,
289,399638,2118,-0.013932621754413645,-0.01058957111963278,22043.046884681728,-27611.05197737207,157073,240696,-0.8941772151898734,5.906360328064744,,,,,,,,,,
290,395162,2118,-0.013920880756988144,-0.010819653363167196,21877.14402939872,-27378.147111091617,155290,238066,-0.8928270042194093,6.314207650273223,,,,,,,,,,
291,390694,2118,-0.013923636563594743,-0.01064656951609901,21691.42622938237,-27131.30749295943,153493,235387,-0.8921518987341772,6.6502732240437155,,,,,,,,,,
292,386153,2118,-0.01400861314868924,-0.010600424368998046,21477.57014723136,-26887.038140437096,151590,232820,-0.8915611814345992,6.629427792915531,,,,,,,,,,
293,381601,2117,-0.014080356719054927,-0.01084072950644909,21272.65857536274,-26645.73677971072,149725,230195,-0.8915611814345992,6.604149693118245,,,,,,,,,,
294,377110,2118,-0.014095987460343403,-0.010972044792086914,21081.977527935655,-26397.715359105794,147793,227593,-0.8911392405063291,6.624857033930613,,,,,,,,,,
295,372665,2118,-0.014178530501630052,-0.010735189720121965,20868.020567823703,-26151.862637213606,145800,225121,-0.8916455696202532,6.713498622589532,,,,,,,,,,
296,368082,2118,-0.014235404392116768,-0.011169881771615334,20657.976052792168,-25897.772172251356,143873,222539,-0.8921518987341772,6.611591366280651,,,,,,,,,,
297,363540,2118,-0.014329762204691275,-0.010736113837339483,20429.729646630272,-25639.171398523773,142096,219805,-0.8924894514767933,6.506702412868632,,,,,,,,,,
298,358942,2118,-0.014374679716884567,-0.01030664728674163,20221.12985744036,-25380.806144378384,140205,217130,-0.8932489451476793,6.5473732445618475,,,,,,,,,,
299,354379,2118,-0.014407239971742189,-0.010379012001500803,20009.445455113528,-25115.06874905952,138280,214514,-0.8924894514767933,6.82122905027933,,,,,,,,,,
300,349763,2118,-0.014498066195981558,-0.010827561083730331,19785.518607876464,-24856.405734781492,136495,211699,-0.8929957805907173,6.843137254901961,,,,,,,,,,
301,345295,2118,-0.014445280911990977,-0.010770640512266528,19603.1953932665,-24591.07866577245,134542,209150,-0.8928270042194093,6.843137254901961,,,,,,,,,,
302,340808,2117,-0.014569659790032803,-0.011029756773380724,19374.217654173488,-24339.674267895032,132646,206659,-0.8929113924050633,6.887323943661972,,,,,,,,,,
303,336270,2116,-0.014642342771503232,-0.011043372224119217,19151.41312665395,-24075.193730427316,130763,203966,-0.8927659574468085,7.092485549132949,,,,,,,,,,
304,331684,2118,-0.014721355161341978,-0.011147426001862156,18943.453129132107,-23826.291094466666,128960,201254,-0.8936708860759494,7.163503309134377,,,,,,,,,,
305,327193,2117,-0.014783183115175074,-0.010908717386599816,18732.12228416297,-23569.076317166462,127091,198625,-0.8930801687763713,7.199121522693996,,,,,,,,,,
306,322684,2117,-0.014768875553556415,-0.01119625449985851,18527.565921078756,-23293.245760202542,125215,196011,-0.8937552742616034,7.35820895522388,,,,,,,,,,
307,318077,2117,-0.014720590973145337,-0.01113371175477338,18334.361561747788,-23016.642976713032,123516,193136,-0.8936708860759494,7.2113844980791235,,,,,,,,,,
308,313598,2117,-0.014810248671888673,-0.01106748208776933,18113.267614430217,-22757.731977437266,121541,190548,-0.8935021097046414,7.1395348837209305,,,,,,,,,,
309,309014,2117,-0.014871723533883894,-0.011366587830942044,17886.55488930122,-22482.12566540079,119632,188031,-0.8933617021276596,7.163265306122449,,,,,,,,,,
310,304615,2117,-0.014899733232144156,-0.011556527532500822,17670.425754546613,-22209.107993056154,117781,185470,-0.8942616033755274,7.115706791107504,,,,,,,,,,
311,299978,2117,-0.014920970770493189,-0.011331700397443828,17449.28964914221,-21925.25261893319,115868,182810,-0.8922362869198313,7.164693532396338,,,,,,,,,,
312,295413,2117,-0.014992748313502122,-0.011559210845149694,17221.903588802565,-21650.956346339157,113970,180115,-0.8924050632911392,7.213070515076851,,,,,,,,,,
313,290870,2117,-0.015110185632413427,-0.011461294852946433,16979.096227368012,-21374.195922268063,112226,177327,-0.8924050632911392,7.0501408774653544,,,,,,,,,,
314,286322,2118,-0.015183937235183645,-0.011795274788151691,16751.862945345863,-21099.358222398114,110340,174736,-0.8918987341772152,7.0,,,,,,,,,,
315,281755,2117,-0.015299350803635967,-0.01174714241871271,16511.55166397311,-20822.220249651433,108505,172039,-0.8927426160337553,7.187134502923977,,,,,,,,,,
316,277072,2118,-0.015329014117465336,-0.01164697281966344,16281.061902680882,-20528.302502235187,106612,169213,-0.8924050632911392,7.127721335268506,,,,,,,,,,
317,272576,2117,-0.015358669169321595,-0.012173247518224965,16062.90960819707,-20249.314215694154,104705,166641,-0.8916455696202532,7.045977011494253,,,,,,,,,,
318,267951,2117,-0.015439570342825056,-0.01190207349823873,15830.427025187504,-19967.47533811789,102883,163871,-0.9006808510638298,7.211143695014663,,,,,,,,,,
319,263437,2117,-0.015595376062742725,-0.012046164885770053,15576.891804296916,-19685.29088813772,100988,161250,-0.9015189873417722,7.022922636103152,,,,,,,,,,
320,258828,2118,-0.015658257029420173,-0.012938966376715561,15345.019871282024,-19397.815221692854,99167,158559,-0.8984810126582279,6.8559003422928,,,,,,,,,,
321,254207,2118,-0.01580185021211746,-0.013057615187341694,15094.57151436683,-19111.512451238657,97311,155815,-0.8994893617021277,6.932236040681039,,,,,,,,,,
322,249684,2118,-0.015831624663819408,-0.01272155160837457,14867.835245810458,-18820.738618371506,95478,153096,-0.900595744680851,6.922305295950156,,,,,,,,,,
323,245072,2118,-0.015839138691727955,-0.012955645778430946,14638.460649183526,-18520.190046642627,93649,150308,-0.9014345991561181,7.095059122842523,,,,,,,,,,
324,240404,2117,-0.015920198290905532,-0.012977546030614658,14392.711553484078,-18219.9909034109,91837,147528,-0.9008438818565401,7.127721335268506,,,,,,,,,,
325,235826,2116,-0.015993682631622444,-0.012950711615500207,14156.518501705252,-17928.244701990257,90098,144751,-0.900084388185654,7.339563862928349,,,,,,,,,,
326,231154,2118,-0.01602750536933765,-0.012877782374343436,13915.181974574552,-17620.00395071844,88161,141954,-0.8987341772151899,7.722741433021808,,,,,,,,,,
327,226579,2118,-0.016073366998335635,-0.013650525656556263,13679.049863712262,-17320.93728482824,86445,139199,-0.8953586497890296,7.818897637795276,,,,,,,,,,
328,221979,2116,-0.0160603681545165,-0.013612015094014041,13452.639857105483,-17017.704319676868,84510,136483,-0.8957805907172995,7.818897637795276,,,,,,,,,,
329,217361,2118,-0.01616940385214476,-0.013585694634001048,13198.204154023266,-16712.801944729315,82671,133705,-0.8958649789029536,7.79120879120879,,,,,,,,,,
330,212615,2118,-0.016279142318644368,-0.013687493655325548,12944.983663924293,-16406.17350800282,80864,130865,-0.8948523206751055,7.745354030671205,,,,,,,,,,
331,207934,2116,-0.01638972701976844,-0.013350908494668058,12683.958828636376,-16091.940326764909,78872,128149,-0.8945991561181434,7.722469704993614,,,,,,,,,,
332,203262,2116,-0.01648055298598145,-0.013250279828914779,12422.827456626666,-15772.697617663258,76934,125455,-0.8924050632911392,7.829186768832971,,,,,,,,,,
333,198649,2118,-0.01649395339344664,-0.013694356657639382,12179.809922838742,-15456.317270493557,75188,122571,-0.889198312236287,7.80503144654088,,,,,,,,,,
334,193897,2117,-0.016611960529202264,-0.0136957626138862,11908.358257338015,-15129.367568068757,73261,119742,-0.890127659574468,7.85179564997471,,,,,,,,,,
335,189200,2118,-0.016736902824826573,-0.014077310156834867,11638.445582950697,-14805.067597407855,71442,116929,-0.8910548523206752,7.7483660130718945,,,,,,,,,,
336,184498,2117,-0.016872191861307898,-0.013887141078948957,11374.322849935801,-14487.208503963444,69597,114090,-0.8914767932489451,8.15032679738562,,,,,,,,,,
337,179955,2117,-0.01707111180043309,-0.01381581991445827,11105.189073174879,-14177.220997221793,67748,111430,-0.8917299578059071,8.09090909090909,,,,,,,,,,
338,175254,2118,-0.01716541526880085,-0.014339161772386371,10844.862072979613,-13853.169760498075,65931,108611,-0.8911392405063291,8.123790283163348,,,,,,,,,,
339,170609,2118,-0.017332155858394597,-0.014724468229091753,10577.827598805077,-13534.849377649956,64084,105846,-0.8906329113924051,8.210526315789474,,,,,,,,,,
340,165866,2117,-0.017564889625594892,-0.014631072008023261,10295.334003844251,-13208.751986483154,62195,103013,-0.8933617021276596,8.271523178807946,,,,,,,,,,
341,161159,2117,-0.01773956334883488,-0.014561117679478654,10018.647398375912,-12877.537688110771,60369,100122,-0.8942616033755274,8.003215434083602,,,,,,,,,,
342,156535,2117,-0.01794354606838471,-0.014686574839445115,9741.16715748482,-12549.960141299434,58454,97423,-0.8948523206751055,7.945686900958467,,,,,,,,,,
343,151789,2117,-0.0181167347494312,-0.015834062506928766,9460.852616713386,-12210.7736675948,56598,94547,-0.8921518987341772,7.94597271478322,,,,,,,,,,
344,147087,2117,-0.018171351264679145,-0.015780748909235774,9198.032191273887,-11870.80173474173,54714,91750,-0.8924894514767933,8.03109276222423,,,,,,,,,,
345,142395,2117,-0.018245130138628718,-0.015588111319078148,8931.281726386114,-11529.297032476172,52927,88883,-0.8916595744680851,7.931419457735247,,,,,,,,,,
346,137662,2117,-0.01856381222412904,-0.01613469795148412,8637.973632957808,-11193.505151355861,50977,86089,-0.8941868060091444,7.917197452229299,,,,,,,,,,
347,132887,2118,-0.01889671513516139,-0.01577799615498822,8344.349994768705,-10855.477778934935,49139,83171,-0.8927659574468085,7.965450994204476,,,,,,,,,,
348,128181,2117,-0.019112991751122424,-0.016676796638082577,8054.436085835363,-10504.358481485982,47282,80342,-0.8936708860759494,7.818897637795276,,,,,,,,,,
349,123404,2117,-0.019343798324860665,-0.016986112394717468,7758.939145510207,-10146.041233991318,45479,77407,-0.8936170212765957,8.120521172638437,,,,,,,,,,
350,118623,2117,-0.019551863311602653,-0.016744439505600717,7475.892026813574,-9795.192708425808,43560,74548,-0.8945147679324894,8.240619121481139,,,,,,,,,,
351,113827,2117,-0.019805875060498076,-0.017053974681717588,7185.522184089019,-9439.965524600351,41728,71619,-0.8932489451476793,8.0351726363343,,,,,,,,,,
352,109033,2117,-0.020053159205132225,-0.01740968614337719,6892.091751072115,-9078.547858685299,39886,68676,-0.8953191489361703,7.77704918032787,,,,,,,,,,
353,104250,2117,-0.020332175773414927,-0.019046330770952743,6604.848559811975,-8724.477884190464,38076,65737,-0.8962025316455696,8.18032786885246,,,,,,,,,,
354,99510,2117,-0.020528617365653347,-0.019713896162241683,6321.082870496828,-8363.885584553002,36237,62837,-0.8965400843881857,8.556313993174061,,,,,,,,,,
355,94621,2117,-0.020752814532957718,-0.018796407762896622,6025.230382913134,-7988.88244683612,34371,59864,-0.88657104736491,8.556313993174061,,,,,,,,,,
356,89799,2113,-0.021115323385071216,-0.0190267171206901,5718.687671525648,-7614.8225961816615,32502,56936,-0.8845897264843229,8.507640067911716,,,,,,,,,,
357,84985,2111,-0.021449577434205228,-0.01854313686881839,5414.75366394175,-7237.646002187637,30616,54013,-0.8846960167714885,8.492490761772384,,,,,,,,,,
358,80088,2104,-0.02180657222385541,-0.01771877657024839,5113.99472414832,-6860.439480412454,28800,50951,-0.8847491638795987,8.459139893922503,,,,,,,,,,
359,75098,1059,-0.02205197985661089,-0.018329651404962725,4813.516136110758,-6469.575719382523,26868,47916,-0.8800832216658439,8.555335631164045,,,,,,,,,,
360,72622,1059,-0.022094105196291985,-0.017603433851000515,4671.3356970677505,-6275.853804632863,26012,46309,-0.8779885746526553,8.317803660565724,,,,,,,,,,
361,70211,1059,-0.02226457325331687,-0.017765399621501556,4526.002036440622,-6089.219989129261,25031,44880,-0.8741095987023062,8.165302782324058,,,,,,,,,,
362,67787,1059,-0.02243783872270457,-0.017644771904365725,4373.864988111573,-5894.858761607556,24207,43282,-0.8697080291970802,8.120818267696016,,,,,,,,,,
363,65355,1059,-0.02285599270680844,-0.020081889522141065,4212.197855369692,-5705.951258723167,23312,41760,-0.8685790527018011,8.303252815895272,,,,,,,,,,
364,62918,1059,-0.02285737159161434,-0.02017427982536681,4068.7573948026497,-5506.897500603846,22417,40232,-0.8720182887001959,7.75,,,,,,,,,,
365,60424,1059,-0.02297302660894166,-0.0192527975813322,3917.9175003080018,-5306.039660126697,21568,38592,-0.8745917700849118,7.682170542635658,,,,,,,,,,
366,57925,1059,-0.023183960967005812,-0.01912280993427551,3764.2931837674905,-5107.224122781302,20628,37037,-0.8791704768125408,7.210191082802547,,,,,,,,,,
367,55477,1059,-0.023184570422891352,-0.018942917098149176,3614.6086489009754,-4900.819062251712,19777,35464,-0.8726322664924886,7.254618808235408,,,,,,,,,,
368,53011,1059,-0.0234206793577602,-0.020241128193617564,3457.790769394413,-4699.344402828635,18887,33900,-0.8714173742651862,7.175895765472314,,,,,,,,,,
369,50579,1059,-0.02334474402492475,-0.02013778495306951,3314.427379216855,-4495.181187253519,18028,32337,-0.8692861907938626,7.397394136807819,,,,,,,,,,
370,48115,1059,-0.02336992444752096,-0.020000260105454644,3163.853404685685,-4288.297319478146,17080,30824,-0.8719146097398266,7.507970033992278,,,,,,,,,,
371,45701,1059,-0.023413457730528803,-0.019389340032815047,3015.624477586032,-4085.6429093289357,16218,29266,-0.8765910607071381,7.318812520167796,,,,,,,,,,
372,43233,1059,-0.023493852933069645,-0.019653145852415736,2863.555418939472,-3879.265162794866,15339,27720,-0.8699132755170114,7.229508196721312,,,,,,,,,,
373,40772,1059,-0.023997741985704407,-0.02047724271864124,2692.875995506219,-3671.311931747359,14400,26182,-0.8686724482988659,7.566552901023892,,,,,,,,,,
374,38323,1059,-0.024407071576025216,-0.021858592997844522,2530.130410463879,-3465.482614471888,13517,24634,-0.8707267645003494,7.798634812286689,,,,,,,,,,
375,35922,1059,-0.024588439759513452,-0.021336083684916,2374.905596286729,-3258.171529327977,12684,23058,-0.8695324070808943,7.798634812286689,,,,,,,,,,
376,33453,1059,-0.024781809086741772,-0.022428365894793,2217.2147390992177,-3046.2405984779934,11809,21511,-0.8706858262573481,7.753820033955858,,,,,,,,,,
377,31039,1059,-0.024760072678121744,-0.021155948779381442,2065.446379259983,-2833.974275116196,10958,19935,-0.868060091443501,7.739871851374717,,,,,,,,,,
378,28576,1059,-0.025207930603230535,-0.02221891690388912,1899.358624965592,-2619.700449883511,10070,18363,-0.870666231221424,7.709165230904361,,,,,,,,,,
379,26128,1059,-0.025393089494718635,-0.023461424192479135,1741.8012274207435,-2405.2718697387522,9206,16792,-0.8612141427618412,7.797734020407468,,,,,,,,,,
380,23600,1059,-0.025673200264577978,-0.024407002125446095,1585.1573802953951,-2191.044906539431,8291,15185,-0.8632421614409607,7.579034941763728,,,,,,,,,,
381,21138,1059,-0.025818806171954815,-0.02455476682496018,1425.062970085307,-1970.82089494809,7417,13614,-0.8679252835223482,7.438625204582651,,,,,,,,,,
382,18648,1059,-0.02618185206156241,-0.026195347342730844,1264.9007925471174,-1753.1399697911363,6512,12048,-0.8652434956637758,7.397667676471546,,,,,,,,,,
383,16156,1059,-0.027164856253994795,-0.027504646287477796,1093.0125657402455,-1531.8879833797862,5629,10454,-0.8679052701801201,7.565637771206433,,,,,,,,,,
384,13630,1059,-0.02855062297162567,-0.02871698035892818,920.0072917821025,-1309.152282885359,4738,8829,-0.8616491963661775,7.186862477987839,,,,,,,,,,
385,11069,1059,-0.02964838324396888,-0.028334091681220804,751.3420190642771,-1079.5199731917653,3815,7219,-0.8603709711545243,6.993798449612403,,,,,,,,,,
386,8446,1059,-0.03085659978146044,-0.027876185191681398,576.2122303073437,-836.82707206156,2908,5499,-0.8616282320055905,6.758248330398379,,,,,,,,,,
387,5756,1059,-0.03226508147949748,-0.030030032992965864,396.12189975282433,-581.8397087488122,1965,3771,-0.860349813103886,6.432558139534883,,,,,,,,,,
388,3009,1058,-0.031684345715262054,-0.03229851833795447,210.09435843061652,-305.4325546878394,1015,1978,-0.8554671532846715,6.24031007751938,,,,,,,,,,
