horizon,h,n_at_risk,n_priced,n_missing_internal_print,n_unknown_after_observed_tail,n_invalid_price,n_pre_baseline_wait,conserved
h_from_liquidation,0,1888700,1888700,0,0,0,0,true
h_from_liquidation,1,1888385,1760068,128044,273,0,0,true
h_from_liquidation,2,1882725,1745230,137186,309,0,0,true
h_from_liquidation,3,1877150,1734005,142807,338,0,0,true
h_from_liquidation,4,1871575,1724955,146266,354,0,0,true
h_from_liquidation,5,1866012,1719225,146409,378,0,0,true
h_from_liquidation,6,1860565,1713662,146496,407,0,0,true
h_from_liquidation,7,1855131,1707484,147233,414,0,0,true
h_from_liquidation,8,1849745,1701516,147796,433,0,0,true
h_from_liquidation,9,1844327,1695138,148740,449,0,0,true
h_from_liquidation,10,1838876,1689950,148472,454,0,0,true
h_from_liquidation,11,1833522,1684939,148107,476,0,0,true
h_from_liquidation,12,1828261,1679347,148420,494,0,0,true
h_from_liquidation,13,1823013,1673837,148668,508,0,0,true
h_from_liquidation,14,1817741,1668272,148957,512,0,0,true
h_from_liquidation,15,1812450,1663223,148705,522,0,0,true
h_from_liquidation,16,1807247,1657509,149207,531,0,0,true
h_from_liquidation,17,1802069,1652458,149066,545,0,0,true
h_from_liquidation,18,1796866,1647348,148966,552,0,0,true
h_from_liquidation,19,1791696,1642107,149037,552,0,0,true
h_from_liquidation,20,1786535,1636682,149317,536,0,0,true
h_from_liquidation,21,1781406,1631997,148872,537,0,0,true
h_from_liquidation,22,1776299,1626731,149022,546,0,0,true
h_from_liquidation,23,1771199,1621554,149094,551,0,0,true
h_from_liquidation,24,1766082,1616270,149246,566,0,0,true
h_from_liquidation,25,1760968,1611158,149258,552,0,0,true
h_from_liquidation,26,1755817,1605801,149468,548,0,0,true
h_from_liquidation,27,1750715,1601117,149048,550,0,0,true
h_from_liquidation,28,1745636,1596150,148921,565,0,0,true
h_from_liquidation,29,1740553,1590948,149055,550,0,0,true
h_from_liquidation,30,1735447,1585793,149107,547,0,0,true
h_from_liquidation,31,1730353,1580767,149040,546,0,0,true
h_from_liquidation,32,1725311,1575533,149215,563,0,0,true
h_from_liquidation,33,1720282,1570449,149284,549,0,0,true
h_from_liquidation,34,1715257,1565406,149293,558,0,0,true
h_from_liquidation,35,1710273,1560405,149294,574,0,0,true
h_from_liquidation,36,1705283,1555609,149102,572,0,0,true
h_from_liquidation,37,1700231,1550568,149096,567,0,0,true
h_from_liquidation,38,1695248,1545812,148869,567,0,0,true
h_from_liquidation,39,1690213,1540681,148969,563,0,0,true
h_from_liquidation,40,1685197,1535815,148808,574,0,0,true
h_from_liquidation,41,1680172,1530535,149069,568,0,0,true
h_from_liquidation,42,1675162,1525791,148809,562,0,0,true
h_from_liquidation,43,1670197,1520810,148802,585,0,0,true
h_from_liquidation,44,1665167,1516035,148558,574,0,0,true
h_from_liquidation,45,1660185,1511284,148321,580,0,0,true
h_from_liquidation,46,1655239,1506137,148518,584,0,0,true
h_from_liquidation,47,1650251,1501158,148500,593,0,0,true
h_from_liquidation,48,1645272,1496272,148404,596,0,0,true
h_from_liquidation,49,1640294,1491539,148147,608,0,0,true
h_from_liquidation,50,1635312,1486423,148279,610,0,0,true
h_from_liquidation,51,1630377,1481661,148109,607,0,0,true
h_from_liquidation,52,1625438,1476769,148057,612,0,0,true
h_from_liquidation,53,1620517,1472073,147829,615,0,0,true
h_from_liquidation,54,1615561,1467022,147925,614,0,0,true
h_from_liquidation,55,1610644,1462326,147687,631,0,0,true
h_from_liquidation,56,1605705,1457345,147719,641,0,0,true
h_from_liquidation,57,1600768,1452526,147582,660,0,0,true
h_from_liquidation,58,1595842,1447782,147382,678,0,0,true
h_from_liquidation,59,1590899,1442952,147267,680,0,0,true
h_from_liquidation,60,1585940,1438254,147016,670,0,0,true
h_from_liquidation,61,1580972,1433049,147251,672,0,0,true
h_from_liquidation,62,1576078,1428064,147353,661,0,0,true
h_from_liquidation,63,1571195,1423640,146896,659,0,0,true
h_from_liquidation,64,1566282,1418752,146865,665,0,0,true
h_from_liquidation,65,1561422,1414192,146573,657,0,0,true
h_from_liquidation,66,1556524,1409308,146551,665,0,0,true
h_from_liquidation,67,1551625,1404328,146634,663,0,0,true
h_from_liquidation,68,1546716,1399593,146456,667,0,0,true
h_from_liquidation,69,1541792,1394613,146502,677,0,0,true
h_from_liquidation,70,1536912,1389880,146348,684,0,0,true
h_from_liquidation,71,1532067,1385040,146332,695,0,0,true
h_from_liquidation,72,1527218,1380481,146029,708,0,0,true
h_from_liquidation,73,1522348,1375697,145948,703,0,0,true
h_from_liquidation,74,1517463,1371082,145684,697,0,0,true
h_from_liquidation,75,1512566,1366268,145610,688,0,0,true
h_from_liquidation,76,1507685,1361792,145194,699,0,0,true
h_from_liquidation,77,1502796,1356896,145206,694,0,0,true
h_from_liquidation,78,1497894,1352107,145097,690,0,0,true
h_from_liquidation,79,1493007,1347444,144873,690,0,0,true
h_from_liquidation,80,1488158,1342779,144676,703,0,0,true
h_from_liquidation,81,1483313,1338135,144466,712,0,0,true
h_from_liquidation,82,1478446,1333213,144520,713,0,0,true
h_from_liquidation,83,1473565,1328618,144226,721,0,0,true
h_from_liquidation,84,1468674,1324139,143809,726,0,0,true
h_from_liquidation,85,1463758,1319602,143425,731,0,0,true
h_from_liquidation,86,1458897,1314624,143547,726,0,0,true
h_from_liquidation,87,1454056,1310033,143282,741,0,0,true
h_from_liquidation,88,1449161,1305254,143166,741,0,0,true
h_from_liquidation,89,1444297,1300634,142925,738,0,0,true
h_from_liquidation,90,1439426,1295845,142844,737,0,0,true
h_from_liquidation,91,1434588,1291113,142731,744,0,0,true
h_from_liquidation,92,1429701,1286767,142186,748,0,0,true
h_from_liquidation,93,1424808,1281996,142071,741,0,0,true
h_from_liquidation,94,1419945,1277169,142020,756,0,0,true
h_from_liquidation,95,1415051,1272538,141753,760,0,0,true
h_from_liquidation,96,1410161,1267588,141809,764,0,0,true
h_from_liquidation,97,1405288,1263168,141362,758,0,0,true
h_from_liquidation,98,1400460,1258325,141371,764,0,0,true
h_from_liquidation,99,1395589,1253528,141301,760,0,0,true
h_from_liquidation,100,1390730,1249237,140732,761,0,0,true
h_from_liquidation,101,1385875,1244603,140502,770,0,0,true
h_from_liquidation,102,1381038,1239939,140324,775,0,0,true
h_from_liquidation,103,1376182,1235325,140080,777,0,0,true
h_from_liquidation,104,1371322,1230732,139812,778,0,0,true
h_from_liquidation,105,1366451,1226247,139425,779,0,0,true
h_from_liquidation,106,1361599,1221448,139377,774,0,0,true
h_from_liquidation,107,1356760,1216693,139297,770,0,0,true
h_from_liquidation,108,1351893,1212365,138761,767,0,0,true
h_from_liquidation,109,1347046,1207699,138581,766,0,0,true
h_from_liquidation,110,1342126,1202929,138435,762,0,0,true
h_from_liquidation,111,1337246,1198303,138182,761,0,0,true
h_from_liquidation,112,1332371,1193658,137951,762,0,0,true
h_from_liquidation,113,1327500,1189322,137431,747,0,0,true
h_from_liquidation,114,1322633,1184707,137187,739,0,0,true
h_from_liquidation,115,1317783,1179928,137106,749,0,0,true
h_from_liquidation,116,1312909,1175441,136722,746,0,0,true
h_from_liquidation,117,1308006,1170585,136667,754,0,0,true
h_from_liquidation,118,1303151,1166170,136226,755,0,0,true
h_from_liquidation,119,1298258,1161539,135963,756,0,0,true
h_from_liquidation,120,1293325,1156865,135696,764,0,0,true
h_from_liquidation,121,1288451,1152112,135577,762,0,0,true
h_from_liquidation,122,1283563,1147789,135009,765,0,0,true
h_from_liquidation,123,1278688,1142967,134956,765,0,0,true
h_from_liquidation,124,1273795,1138439,134584,772,0,0,true
h_from_liquidation,125,1268903,1134020,134113,770,0,0,true
h_from_liquidation,126,1264074,1129578,133723,773,0,0,true
h_from_liquidation,127,1259211,1124941,133493,777,0,0,true
h_from_liquidation,128,1254402,1120383,133242,777,0,0,true
h_from_liquidation,129,1249567,1115819,132953,795,0,0,true
h_from_liquidation,130,1244700,1111097,132806,797,0,0,true
h_from_liquidation,131,1239830,1106558,132473,799,0,0,true
h_from_liquidation,132,1234972,1101798,132370,804,0,0,true
h_from_liquidation,133,1230122,1097419,131885,818,0,0,true
h_from_liquidation,134,1225233,1093031,131365,837,0,0,true
h_from_liquidation,135,1220340,1088483,131015,842,0,0,true
h_from_liquidation,136,1215449,1083866,130750,833,0,0,true
h_from_liquidation,137,1210600,1079364,130408,828,0,0,true
h_from_liquidation,138,1205753,1074665,130256,832,0,0,true
h_from_liquidation,139,1200855,1070275,129753,827,0,0,true
h_from_liquidation,140,1195971,1065927,129212,832,0,0,true
h_from_liquidation,141,1191061,1061325,128908,828,0,0,true
h_from_liquidation,142,1186166,1056850,128479,837,0,0,true
h_from_liquidation,143,1181257,1052198,128229,830,0,0,true
h_from_liquidation,144,1176393,1047544,128014,835,0,0,true
h_from_liquidation,145,1171512,1043090,127571,851,0,0,true
h_from_liquidation,146,1166578,1038506,127219,853,0,0,true
h_from_liquidation,147,1161689,1033932,126913,844,0,0,true
h_from_liquidation,148,1156779,1029343,126591,845,0,0,true
h_from_liquidation,149,1151880,1025007,126029,844,0,0,true
h_from_liquidation,150,1147002,1020464,125687,851,0,0,true
h_from_liquidation,151,1142114,1016173,125091,850,0,0,true
h_from_liquidation,152,1137248,1011368,125016,864,0,0,true
h_from_liquidation,153,1132314,1006768,124685,861,0,0,true
h_from_liquidation,154,1127439,1002279,124303,857,0,0,true
h_from_liquidation,155,1122560,997761,123942,857,0,0,true
h_from_liquidation,156,1117654,993209,123591,854,0,0,true
h_from_liquidation,157,1112760,988896,123016,848,0,0,true
h_from_liquidation,158,1107851,984105,122899,847,0,0,true
h_from_liquidation,159,1102949,979635,122465,849,0,0,true
h_from_liquidation,160,1098058,975180,122032,846,0,0,true
h_from_liquidation,161,1093181,970601,121732,848,0,0,true
h_from_liquidation,162,1088272,966039,121393,840,0,0,true
h_from_liquidation,163,1083419,961602,120984,833,0,0,true
h_from_liquidation,164,1078481,957219,120424,838,0,0,true
h_from_liquidation,165,1073587,952590,120165,832,0,0,true
h_from_liquidation,166,1068733,948182,119714,837,0,0,true
h_from_liquidation,167,1063831,943539,119451,841,0,0,true
h_from_liquidation,168,1058940,939220,118880,840,0,0,true
h_from_liquidation,169,1054042,934607,118585,850,0,0,true
h_from_liquidation,170,1049108,930426,117836,846,0,0,true
h_from_liquidation,171,1044225,925785,117598,842,0,0,true
h_from_liquidation,172,1039307,921445,117005,857,0,0,true
h_from_liquidation,173,1034389,916958,116581,850,0,0,true
h_from_liquidation,174,1029454,912511,116084,859,0,0,true
h_from_liquidation,175,1024469,907856,115743,870,0,0,true
h_from_liquidation,176,1019533,903350,115314,869,0,0,true
h_from_liquidation,177,1014622,898957,114781,884,0,0,true
h_from_liquidation,178,1009712,894587,114245,880,0,0,true
h_from_liquidation,179,1004745,890128,113742,875,0,0,true
h_from_liquidation,180,999801,885467,113466,868,0,0,true
h_from_liquidation,181,994894,880935,113089,870,0,0,true
h_from_liquidation,182,989974,876434,112672,868,0,0,true
h_from_liquidation,183,985065,872111,112085,869,0,0,true
h_from_liquidation,184,980145,867641,111630,874,0,0,true
h_from_liquidation,185,975223,862956,111402,865,0,0,true
h_from_liquidation,186,970326,858454,110996,876,0,0,true
h_from_liquidation,187,965401,854017,110519,865,0,0,true
h_from_liquidation,188,960494,849593,110032,869,0,0,true
h_from_liquidation,189,955560,845174,109498,888,0,0,true
h_from_liquidation,190,950617,840562,109179,876,0,0,true
h_from_liquidation,191,945686,836021,108791,874,0,0,true
h_from_liquidation,192,940780,831812,108095,873,0,0,true
h_from_liquidation,193,935834,827261,107703,870,0,0,true
h_from_liquidation,194,930907,822877,107157,873,0,0,true
h_from_liquidation,195,925962,818502,106591,869,0,0,true
h_from_liquidation,196,921004,813840,106294,870,0,0,true
h_from_liquidation,197,916036,809553,105624,859,0,0,true
h_from_liquidation,198,911087,805118,105106,863,0,0,true
h_from_liquidation,199,906131,800681,104589,861,0,0,true
h_from_liquidation,200,901180,795927,104386,867,0,0,true
h_from_liquidation,201,896225,791629,103714,882,0,0,true
h_from_liquidation,202,891257,787114,103277,866,0,0,true
h_from_liquidation,203,886284,782406,103010,868,0,0,true
h_from_liquidation,204,881300,778120,102335,845,0,0,true
h_from_liquidation,205,876331,773520,101954,857,0,0,true
h_from_liquidation,206,871359,769054,101453,852,0,0,true
h_from_liquidation,207,866391,764564,100982,845,0,0,true
h_from_liquidation,208,861443,760061,100526,856,0,0,true
h_from_liquidation,209,856484,755515,100109,860,0,0,true
h_from_liquidation,210,851519,751153,99505,861,0,0,true
h_from_liquidation,211,846570,746734,98969,867,0,0,true
h_from_liquidation,212,841622,742349,98422,851,0,0,true
h_from_liquidation,213,836678,737899,97932,847,0,0,true
h_from_liquidation,214,831716,733379,97491,846,0,0,true
h_from_liquidation,215,826744,728989,96903,852,0,0,true
h_from_liquidation,216,821799,724425,96519,855,0,0,true
h_from_liquidation,217,816844,720234,95748,862,0,0,true
h_from_liquidation,218,811884,715687,95319,878,0,0,true
h_from_liquidation,219,806902,711175,94852,875,0,0,true
h_from_liquidation,220,801958,706874,94208,876,0,0,true
h_from_liquidation,221,797023,702446,93714,863,0,0,true
h_from_liquidation,222,792091,698021,93215,855,0,0,true
h_from_liquidation,223,787142,693665,92608,869,0,0,true
h_from_liquidation,224,782181,689280,92043,858,0,0,true
h_from_liquidation,225,777197,684788,91552,857,0,0,true
h_from_liquidation,226,772207,680355,90993,859,0,0,true
h_from_liquidation,227,767206,675833,90509,864,0,0,true
h_from_liquidation,228,762248,671386,89990,872,0,0,true
h_from_liquidation,229,757255,667162,89217,876,0,0,true
h_from_liquidation,230,752279,662688,88717,874,0,0,true
h_from_liquidation,231,747301,658331,88095,875,0,0,true
h_from_liquidation,232,742315,653837,87605,873,0,0,true
h_from_liquidation,233,737317,649384,87072,861,0,0,true
h_from_liquidation,234,732316,645041,86404,871,0,0,true
h_from_liquidation,235,727317,640657,85784,876,0,0,true
h_from_liquidation,236,722306,636067,85373,866,0,0,true
h_from_liquidation,237,717278,631449,84959,870,0,0,true
h_from_liquidation,238,712252,627029,84358,865,0,0,true
h_from_liquidation,239,707212,622594,83768,850,0,0,true
h_from_liquidation,240,702144,618121,83189,834,0,0,true
h_from_liquidation,241,697131,613675,82624,832,0,0,true
h_from_liquidation,242,692109,609345,81943,821,0,0,true
h_from_liquidation,243,687079,604768,81488,823,0,0,true
h_from_liquidation,244,682051,600307,80923,821,0,0,true
h_from_liquidation,245,677001,595879,80291,831,0,0,true
h_from_liquidation,246,671964,591437,79704,823,0,0,true
h_from_liquidation,247,666977,587161,78995,821,0,0,true
h_from_liquidation,248,661954,582653,78481,820,0,0,true
h_from_liquidation,249,656908,578212,77871,825,0,0,true
h_from_liquidation,250,651853,573677,77360,816,0,0,true
h_from_liquidation,251,646830,569212,76796,822,0,0,true
h_from_liquidation,252,641812,564611,76373,828,0,0,true
h_from_liquidation,253,636762,560452,75482,828,0,0,true
h_from_liquidation,254,631723,555909,74991,823,0,0,true
h_from_liquidation,255,626670,551646,74204,820,0,0,true
h_from_liquidation,256,621597,547086,73679,832,0,0,true
h_from_liquidation,257,616492,542486,73168,838,0,0,true
h_from_liquidation,258,611377,538169,72372,836,0,0,true
h_from_liquidation,259,606273,533644,71798,831,0,0,true
h_from_liquidation,260,601173,529118,71230,825,0,0,true
h_from_liquidation,261,596151,524728,70580,843,0,0,true
h_from_liquidation,262,591067,520331,69891,845,0,0,true
h_from_liquidation,263,585969,515846,69292,831,0,0,true
h_from_liquidation,264,580886,511379,68659,848,0,0,true
h_from_liquidation,265,575785,506874,68059,852,0,0,true
h_from_liquidation,266,570689,502438,67388,863,0,0,true
h_from_liquidation,267,565589,497954,66786,849,0,0,true
h_from_liquidation,268,560519,493451,66224,844,0,0,true
h_from_liquidation,269,555393,488997,65570,826,0,0,true
h_from_liquidation,270,550319,484753,64743,823,0,0,true
h_from_liquidation,271,545180,480174,64193,813,0,0,true
h_from_liquidation,272,540068,475566,63681,821,0,0,true
h_from_liquidation,273,534943,471046,63080,817,0,0,true
h_from_liquidation,274,529820,466568,62436,816,0,0,true
h_from_liquidation,275,524665,462058,61800,807,0,0,true
h_from_liquidation,276,519535,457653,61068,814,0,0,true
h_from_liquidation,277,514396,452982,60594,820,0,0,true
h_from_liquidation,278,509261,448654,59782,825,0,0,true
h_from_liquidation,279,504132,444111,59198,823,0,0,true
h_from_liquidation,280,499030,439686,58514,830,0,0,true
h_from_liquidation,281,493912,435133,57945,834,0,0,true
h_from_liquidation,282,488770,430704,57238,828,0,0,true
h_from_liquidation,283,483624,426116,56680,828,0,0,true
h_from_liquidation,284,478470,421838,55804,828,0,0,true
h_from_liquidation,285,473323,417294,55189,840,0,0,true
h_from_liquidation,286,468156,412583,54734,839,0,0,true
h_from_liquidation,287,463005,408172,54005,828,0,0,true
h_from_liquidation,288,457816,403667,53335,814,0,0,true
h_from_liquidation,289,452662,399196,52654,812,0,0,true
h_from_liquidation,290,447493,394784,51887,822,0,0,true
h_from_liquidation,291,442348,390278,51248,822,0,0,true
h_from_liquidation,292,437194,385842,50521,831,0,0,true
h_from_liquidation,293,432002,381305,49877,820,0,0,true
h_from_liquidation,294,426799,376744,49229,826,0,0,true
h_from_liquidation,295,421649,372274,48547,828,0,0,true
h_from_liquidation,296,416459,367785,47837,837,0,0,true
h_from_liquidation,297,411267,363205,47232,830,0,0,true
h_from_liquidation,298,406063,358676,46530,857,0,0,true
h_from_liquidation,299,400801,354062,45893,846,0,0,true
h_from_liquidation,300,395529,349508,45187,834,0,0,true
h_from_liquidation,301,390326,344864,44628,834,0,0,true
h_from_liquidation,302,385116,340413,43875,828,0,0,true
h_from_liquidation,303,379894,335936,43133,825,0,0,true
h_from_liquidation,304,374686,331404,42452,830,0,0,true
h_from_liquidation,305,369439,326823,41808,808,0,0,true
h_from_liquidation,306,364187,322302,41091,794,0,0,true
h_from_liquidation,307,358967,317826,40364,777,0,0,true
h_from_liquidation,308,353731,313203,39761,767,0,0,true
h_from_liquidation,309,348553,308737,39040,776,0,0,true
h_from_liquidation,310,343337,304146,38404,787,0,0,true
h_from_liquidation,311,338062,299711,37563,788,0,0,true
h_from_liquidation,312,332810,295074,36941,795,0,0,true
h_from_liquidation,313,327593,290495,36296,802,0,0,true
h_from_liquidation,314,322369,285980,35581,808,0,0,true
h_from_liquidation,315,317132,281412,34903,817,0,0,true
h_from_liquidation,316,311864,276816,34231,817,0,0,true
h_from_liquidation,317,306612,272166,33624,822,0,0,true
h_from_liquidation,318,301373,267674,32862,837,0,0,true
h_from_liquidation,319,296118,263028,32253,837,0,0,true
h_from_liquidation,320,290883,258515,31540,828,0,0,true
h_from_liquidation,321,285617,253886,30907,824,0,0,true
h_from_liquidation,322,280350,249293,30228,829,0,0,true
h_from_liquidation,323,275066,244722,29526,818,0,0,true
h_from_liquidation,324,269774,240138,28821,815,0,0,true
h_from_liquidation,325,264474,235490,28178,806,0,0,true
h_from_liquidation,326,259179,230863,27509,807,0,0,true
h_from_liquidation,327,253843,226210,26853,780,0,0,true
h_from_liquidation,328,248551,221634,26145,772,0,0,true
h_from_liquidation,329,243227,216941,25518,768,0,0,true
h_from_liquidation,330,237927,212352,24810,765,0,0,true
h_from_liquidation,331,232612,207605,24240,767,0,0,true
h_from_liquidation,332,227309,202947,23594,768,0,0,true
h_from_liquidation,333,221984,198267,22945,772,0,0,true
h_from_liquidation,334,216676,193600,22309,767,0,0,true
h_from_liquidation,335,211348,188885,21685,778,0,0,true
h_from_liquidation,336,206021,184187,21067,767,0,0,true
h_from_liquidation,337,200697,179495,20447,755,0,0,true
h_from_liquidation,338,195408,174947,19699,762,0,0,true
h_from_liquidation,339,190052,170211,19078,763,0,0,true
h_from_liquidation,340,184694,165560,18378,756,0,0,true
h_from_liquidation,341,179357,160803,17801,753,0,0,true
h_from_liquidation,342,174031,156101,17182,748,0,0,true
h_from_liquidation,343,168695,151491,16451,753,0,0,true
h_from_liquidation,344,163322,146725,15851,746,0,0,true
h_from_liquidation,345,157983,141944,15311,728,0,0,true
h_from_liquidation,346,152676,137262,14682,732,0,0,true
h_from_liquidation,347,147360,132561,14054,745,0,0,true
h_from_liquidation,348,141991,127758,13510,723,0,0,true
h_from_liquidation,349,136622,122993,12906,723,0,0,true
h_from_liquidation,350,131243,118184,12350,709,0,0,true
h_from_liquidation,351,125901,113404,11804,693,0,0,true
h_from_liquidation,352,120571,108646,11243,682,0,0,true
h_from_liquidation,353,115244,103793,10785,666,0,0,true
h_from_liquidation,354,109913,99023,10260,630,0,0,true
h_from_liquidation,355,104576,94239,9726,611,0,0,true
h_from_liquidation,356,99268,89405,9273,590,0,0,true
h_from_liquidation,357,93967,84610,8811,546,0,0,true
h_from_liquidation,358,88679,79825,8348,506,0,0,true
h_from_liquidation,359,83439,74945,8052,442,0,0,true
h_from_liquidation,360,80642,72440,7759,443,0,0,true
h_from_liquidation,361,77866,69997,7424,445,0,0,true
h_from_liquidation,362,75092,67582,7067,443,0,0,true
h_from_liquidation,363,72299,65137,6736,426,0,0,true
h_from_liquidation,364,69512,62674,6415,423,0,0,true
h_from_liquidation,365,66714,60249,6051,414,0,0,true
h_from_liquidation,366,63914,57766,5737,411,0,0,true
h_from_liquidation,367,61100,55255,5440,405,0,0,true
h_from_liquidation,368,58310,52821,5082,407,0,0,true
h_from_liquidation,369,55525,50334,4801,390,0,0,true
h_from_liquidation,370,52750,47885,4492,373,0,0,true
h_from_liquidation,371,49992,45440,4174,378,0,0,true
h_from_liquidation,372,47222,42992,3855,375,0,0,true
h_from_liquidation,373,44421,40532,3530,359,0,0,true
h_from_liquidation,374,41665,38064,3253,348,0,0,true
h_from_liquidation,375,38914,35603,2972,339,0,0,true
h_from_liquidation,376,36175,33196,2658,321,0,0,true
h_from_liquidation,377,33440,30737,2390,313,0,0,true
h_from_liquidation,378,30690,28304,2078,308,0,0,true
h_from_liquidation,379,27935,25808,1824,303,0,0,true
h_from_liquidation,380,25196,23313,1581,302,0,0,true
h_from_liquidation,381,22458,20807,1358,293,0,0,true
h_from_liquidation,382,19719,18351,1086,282,0,0,true
h_from_liquidation,383,16980,15847,865,268,0,0,true
h_from_liquidation,384,14215,13344,629,242,0,0,true
h_from_liquidation,385,11439,10769,455,215,0,0,true
h_from_liquidation,386,8673,8189,297,187,0,0,true
h_from_liquidation,387,5842,5575,112,155,0,0,true
h_from_liquidation,388,2946,2843,0,103,0,0,true
h_from_decision,0,1760186,1760186,0,0,0,128514,true
h_from_decision,1,1824140,1750759,73257,124,0,64560,true
h_from_decision,2,1841621,1739434,101995,192,0,41543,true
h_from_decision,3,1847706,1730293,117182,231,0,29906,true
h_from_decision,4,1852177,1724591,127314,272,0,19889,true
h_from_decision,5,1851241,1719034,131899,308,0,15385,true
h_from_decision,6,1848720,1712829,135564,327,0,12484,true
h_from_decision,7,1845522,1706835,138331,356,0,10306,true
h_from_decision,8,1841674,1700449,140842,383,0,8747,true
h_from_decision,9,1838223,1695306,142525,392,0,6751,true
h_from_decision,10,1833910,1690302,143190,418,0,5714,true
h_from_decision,11,1829424,1684708,144276,440,0,4943,true
h_from_decision,12,1824821,1679157,145205,459,0,4303,true
h_from_decision,13,1820074,1673581,146028,465,0,3780,true
h_from_decision,14,1815238,1668580,146180,478,0,3328,true
h_from_decision,15,1810454,1662885,147081,488,0,2910,true
h_from_decision,16,1805623,1657857,147261,505,0,2566,true
h_from_decision,17,1800680,1652700,147467,513,0,2307,true
h_from_decision,18,1795744,1647463,147767,514,0,2074,true
h_from_decision,19,1790797,1642060,148236,501,0,1863,true
h_from_decision,20,1785838,1637372,147964,502,0,1693,true
h_from_decision,21,1780871,1632133,148225,513,0,1555,true
h_from_decision,22,1775897,1626973,148405,519,0,1430,true
h_from_decision,23,1770893,1621653,148706,534,0,1317,true
h_from_decision,24,1765894,1616537,148835,522,0,1204,true
h_from_decision,25,1760837,1611169,149149,519,0,1111,true
h_from_decision,26,1755829,1606495,148811,523,0,1019,true
h_from_decision,27,1750837,1601491,148807,539,0,933,true
h_from_decision,28,1745827,1596286,149014,527,0,863,true
h_from_decision,29,1740793,1591175,149092,526,0,793,true
h_from_decision,30,1735743,1586135,149083,525,0,749,true
h_from_decision,31,1730746,1580921,149281,544,0,706,true
h_from_decision,32,1725766,1575828,149407,531,0,658,true
h_from_decision,33,1720781,1570762,149479,540,0,618,true
h_from_decision,34,1715832,1565737,149538,557,0,584,true
h_from_decision,35,1710867,1560964,149348,555,0,559,true
h_from_decision,36,1705841,1555903,149387,551,0,534,true
h_from_decision,37,1700887,1551147,149189,551,0,505,true
h_from_decision,38,1695881,1546036,149296,549,0,478,true
h_from_decision,39,1690891,1541178,149153,560,0,452,true
h_from_decision,40,1685892,1535892,149445,555,0,427,true
h_from_decision,41,1680898,1531112,149237,549,0,411,true
h_from_decision,42,1675955,1526126,149256,573,0,390,true
h_from_decision,43,1670934,1521356,149016,562,0,381,true
h_from_decision,44,1665966,1516615,148783,568,0,367,true
h_from_decision,45,1661034,1511439,149022,573,0,354,true
h_from_decision,46,1656069,1506469,149018,582,0,331,true
h_from_decision,47,1651101,1501590,148926,585,0,320,true
h_from_decision,48,1646138,1496879,148662,597,0,305,true
h_from_decision,49,1641165,1491763,148802,600,0,297,true
h_from_decision,50,1636240,1486969,148674,597,0,287,true
h_from_decision,51,1631314,1482034,148678,602,0,274,true
h_from_decision,52,1626403,1477360,148438,605,0,264,true
h_from_decision,53,1621451,1472326,148520,605,0,261,true
h_from_decision,54,1616545,1467642,148281,622,0,250,true
h_from_decision,55,1611620,1462623,148365,632,0,236,true
h_from_decision,56,1606693,1457836,148206,651,0,226,true
h_from_decision,57,1601774,1453071,148034,669,0,219,true
h_from_decision,58,1596845,1448251,147923,671,0,205,true
h_from_decision,59,1591900,1443557,147682,661,0,191,true
h_from_decision,60,1586937,1438364,147910,663,0,186,true
h_from_decision,61,1582048,1433341,148055,652,0,181,true
h_from_decision,62,1577170,1428942,147578,650,0,176,true
h_from_decision,63,1572265,1424040,147568,657,0,168,true
h_from_decision,64,1567410,1419474,147287,649,0,163,true
h_from_decision,65,1562516,1414577,147282,657,0,159,true
h_from_decision,66,1557625,1409590,147379,656,0,152,true
h_from_decision,67,1552720,1404823,147237,660,0,148,true
h_from_decision,68,1547804,1399857,147277,670,0,140,true
h_from_decision,69,1542929,1395104,147148,677,0,135,true
h_from_decision,70,1538091,1390268,147135,688,0,128,true
h_from_decision,71,1533244,1385749,146794,701,0,126,true
h_from_decision,72,1528381,1380915,146769,697,0,120,true
h_from_decision,73,1523502,1376329,146482,691,0,114,true
h_from_decision,74,1518609,1371499,146428,682,0,110,true
h_from_decision,75,1513732,1367002,146037,693,0,106,true
h_from_decision,76,1508852,1362120,146044,688,0,97,true
h_from_decision,77,1503956,1357348,145924,684,0,91,true
h_from_decision,78,1499071,1352661,145726,684,0,89,true
h_from_decision,79,1494229,1347944,145588,697,0,82,true
h_from_decision,80,1489386,1343314,145366,706,0,80,true
h_from_decision,81,1484519,1338428,145384,707,0,80,true
h_from_decision,82,1479641,1333841,145085,715,0,77,true
h_from_decision,83,1474752,1329347,144685,720,0,75,true
h_from_decision,84,1469836,1324853,144258,725,0,75,true
h_from_decision,85,1464978,1319845,144413,720,0,72,true
h_from_decision,86,1460139,1315230,144174,735,0,70,true
h_from_decision,87,1455244,1310446,144063,735,0,70,true
h_from_decision,88,1450382,1305840,143810,732,0,68,true
h_from_decision,89,1445517,1301069,143717,731,0,62,true
h_from_decision,90,1440682,1296340,143604,738,0,59,true
h_from_decision,91,1435797,1291937,143118,742,0,57,true
h_from_decision,92,1430907,1287170,143001,736,0,55,true
h_from_decision,93,1426046,1282321,142974,751,0,53,true
h_from_decision,94,1421153,1277684,142714,755,0,52,true
h_from_decision,95,1416263,1272726,142778,759,0,52,true
h_from_decision,96,1411391,1268347,142291,753,0,51,true
h_from_decision,97,1406565,1263475,142331,759,0,49,true
h_from_decision,98,1401696,1258673,142268,755,0,47,true
h_from_decision,99,1396837,1254393,141688,756,0,47,true
h_from_decision,100,1391982,1249761,141456,765,0,47,true
h_from_decision,101,1387145,1245127,141248,770,0,47,true
h_from_decision,102,1382292,1240478,141042,772,0,44,true
h_from_decision,103,1377433,1235891,140769,773,0,43,true
h_from_decision,104,1372565,1231346,140445,774,0,40,true
h_from_decision,105,1367716,1226565,140381,770,0,38,true
h_from_decision,106,1362878,1221813,140299,766,0,37,true
h_from_decision,107,1358012,1217450,139798,764,0,37,true
h_from_decision,108,1353166,1212815,139588,763,0,36,true
h_from_decision,109,1348246,1208056,139431,759,0,36,true
h_from_decision,110,1343367,1203414,139195,758,0,35,true
h_from_decision,111,1338492,1198752,138981,759,0,35,true
h_from_decision,112,1333624,1194395,138485,744,0,32,true
h_from_decision,113,1328757,1189835,138186,736,0,32,true
h_from_decision,114,1323907,1185066,138095,746,0,32,true
h_from_decision,115,1319033,1180526,137764,743,0,32,true
h_from_decision,116,1314130,1175699,137680,751,0,32,true
h_from_decision,117,1309275,1171277,137246,752,0,32,true
h_from_decision,118,1304383,1166650,136980,753,0,31,true
h_from_decision,119,1299451,1161921,136769,761,0,30,true
h_from_decision,120,1294577,1157192,136626,759,0,30,true
h_from_decision,121,1289692,1152861,136069,762,0,27,true
h_from_decision,122,1284817,1148051,136004,762,0,27,true
h_from_decision,123,1279926,1143537,135620,769,0,25,true
h_from_decision,124,1275034,1139077,135190,767,0,25,true
h_from_decision,125,1270205,1134661,134774,770,0,25,true
h_from_decision,126,1265342,1130012,134556,774,0,25,true
h_from_decision,127,1260533,1125447,134312,774,0,25,true
h_from_decision,128,1255699,1120843,134064,792,0,24,true
h_from_decision,129,1250832,1116134,133904,794,0,24,true
h_from_decision,130,1245963,1111635,133532,796,0,23,true
h_from_decision,131,1241105,1106848,133456,801,0,23,true
h_from_decision,132,1236255,1102488,132952,815,0,23,true
h_from_decision,133,1231366,1098081,132451,834,0,23,true
h_from_decision,134,1226473,1093530,132104,839,0,23,true
h_from_decision,135,1221582,1088890,131862,830,0,23,true
h_from_decision,136,1216733,1084363,131545,825,0,23,true
h_from_decision,137,1211886,1079651,131406,829,0,23,true
h_from_decision,138,1206988,1075272,130892,824,0,23,true
h_from_decision,139,1202104,1070938,130337,829,0,23,true
h_from_decision,140,1197195,1066362,130008,825,0,22,true
h_from_decision,141,1192301,1061880,129587,834,0,21,true
h_from_decision,142,1187393,1057198,129368,827,0,20,true
h_from_decision,143,1182530,1052556,129141,833,0,19,true
h_from_decision,144,1177650,1048111,128690,849,0,18,true
h_from_decision,145,1172716,1043541,128324,851,0,18,true
h_from_decision,146,1167827,1038959,128026,842,0,18,true
h_from_decision,147,1162917,1034325,127749,843,0,18,true
h_from_decision,148,1158019,1030023,127154,842,0,17,true
h_from_decision,149,1153142,1025564,126729,849,0,16,true
h_from_decision,150,1148256,1021188,126219,849,0,14,true
h_from_decision,151,1143392,1016378,126151,863,0,12,true
h_from_decision,152,1138459,1011788,125811,860,0,11,true
h_from_decision,153,1133584,1007276,125452,856,0,11,true
h_from_decision,154,1128706,1002757,125093,856,0,10,true
h_from_decision,155,1123800,998209,124738,853,0,10,true
h_from_decision,156,1118906,993902,124157,847,0,10,true
h_from_decision,157,1113997,989087,124064,846,0,10,true
h_from_decision,158,1109095,984599,123648,848,0,10,true
h_from_decision,159,1104205,980154,123206,845,0,9,true
h_from_decision,160,1099328,975604,122877,847,0,9,true
h_from_decision,161,1094419,971013,122567,839,0,9,true
h_from_decision,162,1089567,966599,122135,833,0,9,true
h_from_decision,163,1084629,962239,121552,838,0,9,true
h_from_decision,164,1079735,957595,121308,832,0,9,true
h_from_decision,165,1074881,953156,120888,837,0,9,true
h_from_decision,166,1069979,948517,120621,841,0,9,true
h_from_decision,167,1065088,944153,120095,840,0,9,true
h_from_decision,168,1060190,939546,119794,850,0,9,true
h_from_decision,169,1055256,935388,119022,846,0,9,true
h_from_decision,170,1050373,930755,118776,842,0,9,true
h_from_decision,171,1045455,926381,118217,857,0,9,true
h_from_decision,172,1040537,921913,117773,851,0,9,true
h_from_decision,173,1035602,917446,117296,860,0,9,true
h_from_decision,174,1030617,912838,116908,871,0,9,true
h_from_decision,175,1025681,908269,116542,870,0,9,true
h_from_decision,176,1020770,903888,115997,885,0,9,true
h_from_decision,177,1015860,899525,115454,881,0,9,true
h_from_decision,178,1010891,895078,114937,876,0,9,true
h_from_decision,179,1005931,890389,114674,868,0,8,true
h_from_decision,180,1001024,885863,114291,870,0,8,true
h_from_decision,181,996105,881347,113890,868,0,7,true
h_from_decision,182,991196,877013,113314,869,0,7,true
h_from_decision,183,986276,872598,112804,874,0,7,true
h_from_decision,184,981354,867910,112579,865,0,7,true
h_from_decision,185,976457,863403,112178,876,0,7,true
h_from_decision,186,971533,858953,111715,865,0,6,true
h_from_decision,187,966626,854505,111252,869,0,6,true
h_from_decision,188,961693,850080,110725,888,0,5,true
h_from_decision,189,956750,845502,110372,876,0,5,true
h_from_decision,190,951820,840927,110019,874,0,4,true
h_from_decision,191,946914,836732,109309,873,0,4,true
h_from_decision,192,941969,832174,108925,870,0,3,true
h_from_decision,193,937042,827764,108405,873,0,3,true
h_from_decision,194,932097,823394,107834,869,0,3,true
h_from_decision,195,927139,818749,107519,871,0,3,true
h_from_decision,196,922171,814444,106866,861,0,3,true
h_from_decision,197,917222,810017,106340,865,0,3,true
h_from_decision,198,912266,805606,105797,863,0,3,true
h_from_decision,199,907315,800836,105610,869,0,3,true
h_from_decision,200,902360,796529,104947,884,0,3,true
h_from_decision,201,897392,792040,104484,868,0,3,true
h_from_decision,202,892419,787315,104234,870,0,3,true
h_from_decision,203,887435,782996,103592,847,0,3,true
h_from_decision,204,882466,778407,103200,859,0,3,true
h_from_decision,205,877494,773956,102684,854,0,3,true
h_from_decision,206,872526,769493,102186,847,0,3,true
h_from_decision,207,867578,764972,101747,859,0,3,true
h_from_decision,208,862619,760408,101348,863,0,3,true
h_from_decision,209,857633,756048,100723,862,0,3,true
h_from_decision,210,852684,751642,100174,868,0,3,true
h_from_decision,211,847736,747237,99647,852,0,3,true
h_from_decision,212,842792,742764,99180,848,0,3,true
h_from_decision,213,837830,738284,98699,847,0,3,true
h_from_decision,214,832858,733886,98119,853,0,3,true
h_from_decision,215,827913,729286,97771,856,0,3,true
h_from_decision,216,822959,725069,97026,864,0,3,true
h_from_decision,217,817999,720557,96562,880,0,3,true
h_from_decision,218,813017,716030,96110,877,0,3,true
h_from_decision,219,808073,711722,95473,878,0,3,true
h_from_decision,220,803139,707323,94951,865,0,2,true
h_from_decision,221,798207,702833,94517,857,0,2,true
h_from_decision,222,793258,698520,93867,871,0,2,true
h_from_decision,223,788297,694097,93340,860,0,2,true
h_from_decision,224,783313,689638,92816,859,0,2,true
h_from_decision,225,778323,685221,92241,861,0,2,true
h_from_decision,226,773322,680645,91811,866,0,2,true
h_from_decision,227,768364,676211,91279,874,0,2,true
h_from_decision,228,763371,671985,90508,878,0,2,true
h_from_decision,229,758395,667526,89993,876,0,2,true
h_from_decision,230,753417,663172,89368,877,0,2,true
h_from_decision,231,748431,658658,88898,875,0,2,true
h_from_decision,232,743433,654227,88343,863,0,2,true
h_from_decision,233,738432,649869,87690,873,0,2,true
h_from_decision,234,733433,645506,87049,878,0,2,true
h_from_decision,235,728422,640920,86634,868,0,2,true
h_from_decision,236,723394,636307,86215,872,0,2,true
h_from_decision,237,718368,631853,85648,867,0,2,true
h_from_decision,238,713328,627451,85025,852,0,2,true
h_from_decision,239,708261,623007,84417,837,0,2,true
h_from_decision,240,703248,618541,83872,835,0,2,true
h_from_decision,241,698226,614194,83208,824,0,2,true
h_from_decision,242,693196,609627,82743,826,0,2,true
h_from_decision,243,688168,605160,82184,824,0,2,true
h_from_decision,244,683118,600721,81563,834,0,2,true
h_from_decision,245,678081,596276,80979,826,0,2,true
h_from_decision,246,673094,592020,80250,824,0,2,true
h_from_decision,247,668071,587489,79759,823,0,2,true
h_from_decision,248,663025,583079,79118,828,0,2,true
h_from_decision,249,657970,578544,78607,819,0,2,true
h_from_decision,250,652947,574062,78059,826,0,2,true
h_from_decision,251,647930,569437,77661,832,0,1,true
h_from_decision,252,642880,565248,76800,832,0,1,true
h_from_decision,253,637841,560770,76244,827,0,1,true
h_from_decision,254,632788,556488,75476,824,0,1,true
h_from_decision,255,627715,551929,74950,836,0,1,true
h_from_decision,256,622610,547305,74463,842,0,1,true
h_from_decision,257,617495,542994,73661,840,0,1,true
h_from_decision,258,612391,538481,73075,835,0,1,true
h_from_decision,259,607291,533920,72542,829,0,1,true
h_from_decision,260,602269,529541,71881,847,0,1,true
h_from_decision,261,597185,525149,71187,849,0,1,true
h_from_decision,262,592087,520683,70569,835,0,1,true
h_from_decision,263,587004,516206,69946,852,0,1,true
h_from_decision,264,581903,511746,69301,856,0,1,true
h_from_decision,265,576807,507286,68654,867,0,1,true
h_from_decision,266,571707,502795,68059,853,0,1,true
h_from_decision,267,566637,498315,67473,849,0,1,true
h_from_decision,268,561511,493797,66883,831,0,1,true
h_from_decision,269,556437,489633,65976,828,0,1,true
h_from_decision,270,551298,484986,65494,818,0,1,true
h_from_decision,271,546186,480426,64934,826,0,1,true
h_from_decision,272,541061,475917,64322,822,0,1,true
h_from_decision,273,535938,471409,63708,821,0,1,true
h_from_decision,274,530783,466924,63047,812,0,1,true
h_from_decision,275,525653,462499,62335,819,0,1,true
h_from_decision,276,520514,457831,61858,825,0,1,true
h_from_decision,277,515379,453492,61057,830,0,1,true
h_from_decision,278,510250,448957,60465,828,0,1,true
h_from_decision,279,505148,444559,59754,835,0,1,true
h_from_decision,280,500030,439979,59212,839,0,1,true
h_from_decision,281,494888,435584,58471,833,0,1,true
h_from_decision,282,489742,430967,57941,834,0,1,true
h_from_decision,283,484588,426681,57073,834,0,1,true
h_from_decision,284,479441,422146,56449,846,0,1,true
h_from_decision,285,474274,417430,55999,845,0,1,true
h_from_decision,286,469123,413025,55264,834,0,1,true
h_from_decision,287,463934,408479,54634,821,0,1,true
h_from_decision,288,458780,404024,53937,819,0,1,true
h_from_decision,289,453611,399638,53144,829,0,1,true
h_from_decision,290,448466,395162,52475,829,0,1,true
h_from_decision,291,443312,390694,51780,838,0,1,true
h_from_decision,292,438120,386153,51140,827,0,1,true
h_from_decision,293,432917,381601,50483,833,0,1,true
h_from_decision,294,427767,377110,49822,835,0,1,true
h_from_decision,295,422577,372665,49068,844,0,1,true
h_from_decision,296,417385,368082,48466,837,0,1,true
h_from_decision,297,412181,363540,47777,864,0,1,true
h_from_decision,298,406919,358942,47124,853,0,1,true
h_from_decision,299,401647,354379,46427,841,0,1,true
h_from_decision,300,396444,349763,45840,841,0,1,true
h_from_decision,301,391234,345295,45104,835,0,1,true
h_from_decision,302,386012,340808,44372,832,0,1,true
h_from_decision,303,380804,336270,43697,837,0,1,true
h_from_decision,304,375557,331684,43058,815,0,1,true
h_from_decision,305,370305,327193,42311,801,0,1,true
h_from_decision,306,365085,322684,41616,785,0,1,true
h_from_decision,307,359849,318077,40997,775,0,1,true
h_from_decision,308,354671,313598,40289,784,0,1,true
h_from_decision,309,349455,309014,39646,795,0,1,true
h_from_decision,310,344180,304615,38769,796,0,1,true
h_from_decision,311,338928,299978,38147,803,0,1,true
h_from_decision,312,333711,295413,37488,810,0,1,true
h_from_decision,313,328487,290870,36801,816,0,1,true
h_from_decision,314,323250,286322,36103,825,0,1,true
h_from_decision,315,317983,281755,35403,825,0,0,true
h_from_decision,316,312731,277072,34828,831,0,0,true
h_from_decision,317,307492,272576,34070,846,0,0,true
h_from_decision,318,302237,267951,33439,847,0,0,true
h_from_decision,319,297002,263437,32727,838,0,0,true
h_from_decision,320,291736,258828,32074,834,0,0,true
h_from_decision,321,286469,254207,31423,839,0,0,true
h_from_decision,322,281185,249684,30672,829,0,0,true
h_from_decision,323,275893,245072,29994,827,0,0,true
h_from_decision,324,270593,240404,29371,818,0,0,true
h_from_decision,325,265298,235826,28652,820,0,0,true
h_from_decision,326,259963,231154,28014,795,0,0,true
h_from_decision,327,254671,226579,27304,788,0,0,true
h_from_decision,328,249347,221979,26584,784,0,0,true
h_from_decision,329,244047,217361,25905,781,0,0,true
h_from_decision,330,238732,212615,25333,784,0,0,true
h_from_decision,331,233429,207934,24707,788,0,0,true
h_from_decision,332,228104,203262,24049,793,0,0,true
h_from_decision,333,222796,198649,23357,790,0,0,true
h_from_decision,334,217468,193897,22770,801,0,0,true
h_from_decision,335,212141,189200,22151,790,0,0,true
h_from_decision,336,206817,184498,21540,779,0,0,true
h_from_decision,337,201528,179955,20787,786,0,0,true
h_from_decision,338,196172,175254,20130,788,0,0,true
h_from_decision,339,190814,170609,19422,783,0,0,true
h_from_decision,340,185477,165866,18829,782,0,0,true
h_from_decision,341,180151,161159,18215,777,0,0,true
h_from_decision,342,174815,156535,17497,783,0,0,true
h_from_decision,343,169442,151789,16875,778,0,0,true
h_from_decision,344,164103,147087,16255,761,0,0,true
h_from_decision,345,158796,142395,15634,767,0,0,true
h_from_decision,346,153480,137662,15036,782,0,0,true
h_from_decision,347,148111,132887,14463,761,0,0,true
h_from_decision,348,142742,128181,13797,764,0,0,true
h_from_decision,349,137363,123404,13204,755,0,0,true
h_from_decision,350,132021,118623,12656,742,0,0,true
h_from_decision,351,126691,113827,12127,737,0,0,true
h_from_decision,352,121364,109033,11604,727,0,0,true
h_from_decision,353,116033,104250,11086,697,0,0,true
h_from_decision,354,110696,99510,10498,688,0,0,true
h_from_decision,355,105313,94621,10024,668,0,0,true
h_from_decision,356,99938,89799,9515,624,0,0,true
h_from_decision,357,94549,84985,8983,581,0,0,true
h_from_decision,358,89170,80088,8560,522,0,0,true
h_from_decision,359,83809,75098,8259,452,0,0,true
h_from_decision,360,81033,72622,7956,455,0,0,true
h_from_decision,361,78259,70211,7595,453,0,0,true
h_from_decision,362,75466,67787,7242,437,0,0,true
h_from_decision,363,72679,65355,6888,436,0,0,true
h_from_decision,364,69881,62918,6536,427,0,0,true
h_from_decision,365,67081,60424,6233,424,0,0,true
h_from_decision,366,64267,57925,5924,418,0,0,true
h_from_decision,367,61477,55477,5579,421,0,0,true
h_from_decision,368,58692,53011,5276,405,0,0,true
h_from_decision,369,55917,50579,4950,388,0,0,true
h_from_decision,370,53159,48115,4650,394,0,0,true
h_from_decision,371,50389,45701,4297,391,0,0,true
h_from_decision,372,47588,43233,3979,376,0,0,true
h_from_decision,373,44832,40772,3694,366,0,0,true
h_from_decision,374,42081,38323,3400,358,0,0,true
h_from_decision,375,39342,35922,3080,340,0,0,true
h_from_decision,376,36607,33453,2821,333,0,0,true
h_from_decision,377,33857,31039,2489,329,0,0,true
h_from_decision,378,31102,28576,2199,327,0,0,true
h_from_decision,379,28363,26128,1908,327,0,0,true
h_from_decision,380,25625,23600,1703,322,0,0,true
h_from_decision,381,22886,21138,1430,318,0,0,true
h_from_decision,382,20147,18648,1190,309,0,0,true
h_from_decision,383,17382,16156,938,288,0,0,true
h_from_decision,384,14606,13630,710,266,0,0,true
h_from_decision,385,11838,11069,525,244,0,0,true
h_from_decision,386,9005,8446,338,221,0,0,true
h_from_decision,387,6103,5756,154,193,0,0,true
h_from_decision,388,3146,3009,0,137,0,0,true
