policy,neighbors,n_neighbors,mean_dollars_day,neighborhood_min_dollars_day,worst_block_neighbor_dollars_day,baseline_dollars_day
f0.25_s0.1_bars30,"f0.25_s0.1_bars30,f0.5_s0.1_bars30",2,-15.60285064000955,-15.60285064000955,-20.035288064230006,-13.852956857122374
f0.5_s0.1_bars30,"f0.25_s0.1_bars30,f0.5_s0.1_bars30,f0.75_s0.1_bars30",3,-13.641186640009543,-15.60285064000955,-20.035288064230006,-13.852956857122374
f0.75_s0.1_bars30,"f0.5_s0.1_bars30,f0.75_s0.1_bars30,f1_s0.1_bars30",3,-13.235446199282961,-13.852956857122374,-17.42388614044835,-13.852956857122374
f1.25_s0.1_bars30,"f1.25_s0.1_bars30,f1.5_s0.1_bars30,f1_s0.1_bars30",3,-14.712867922705565,-14.712867922705565,-19.18214340575051,-13.852956857122374
f1.5_s0.1_bars30,"f1.25_s0.1_bars30,f1.5_s0.1_bars30",2,-13.819861900239003,-14.712867922705565,-19.18214340575051,-13.852956857122374
f1_s0.025_bars30,"f1_s0.025_bars30,f1_s0.05_bars30",2,-13.28903340109944,-14.136529761998109,-17.832686303216402,-13.852956857122374
f1_s0.05_bars30,"f1_s0.025_bars30,f1_s0.05_bars30,f1_s0.075_bars30",3,-14.136529761998109,-14.136529761998109,-18.454065645321634,-13.852956857122374
f1_s0.075_bars30,"f1_s0.05_bars30,f1_s0.075_bars30,f1_s0.1_bars30",3,-13.943274924521983,-14.136529761998109,-18.454065645321634,-13.852956857122374
f1_s0.125_bars30,"f1_s0.125_bars30,f1_s0.15_bars30,f1_s0.1_bars30",3,-15.047817684082226,-15.047817684082226,-19.06555604785576,-13.852956857122374
f1_s0.15_bars30,"f1_s0.125_bars30,f1_s0.15_bars30",2,-14.760170902533472,-15.047817684082226,-19.06555604785576,-13.852956857122374
f1_s0.1_bars10,"f1_s0.1_bars10,f1_s0.1_bars15,f1_s0.1_bars20,f1_s0.1_bars5",4,-12.344810707887197,-13.993028160086045,-17.400386185087726,-13.852956857122374
f1_s0.1_bars120,f1_s0.1_bars120,1,-15.776466706070748,-15.776466706070748,-19.44623234317739,-13.852956857122374
f1_s0.1_bars15,"f1_s0.1_bars10,f1_s0.1_bars15,f1_s0.1_bars20,f1_s0.1_bars30,f1_s0.1_bars5",5,-12.968107509990448,-13.993028160086045,-17.42388614044835,-13.852956857122374
f1_s0.1_bars20,"f1_s0.1_bars10,f1_s0.1_bars15,f1_s0.1_bars20,f1_s0.1_bars30,f1_s0.1_bars5",5,-13.993028160086045,-13.993028160086045,-17.42388614044835,-13.852956857122374
f1_s0.1_bars30,"f0.75_s0.1_bars30,f1.25_s0.1_bars30,f1_s0.075_bars30,f1_s0.125_bars30,f1_s0.1_bars15,f1_s0.1_bars20,f1_s0.1_bars30,f1_s0.1_bars45",8,-13.852956857122374,-15.047817684082226,-19.18214340575051,-13.852956857122374
f1_s0.1_bars45,"f1_s0.1_bars30,f1_s0.1_bars45,f1_s0.1_bars60",3,-14.592422727103253,-15.099913692686426,-18.906669083918132,-13.852956857122374
f1_s0.1_bars5,"f1_s0.1_bars10,f1_s0.1_bars15,f1_s0.1_bars20,f1_s0.1_bars5",4,-11.628574099856605,-13.993028160086045,-17.400386185087726,-13.852956857122374
f1_s0.1_bars60,"f1_s0.1_bars45,f1_s0.1_bars60",2,-15.099913692686426,-15.099913692686426,-18.906669083918132,-13.852956857122374
f1_s0.1_bars90,f1_s0.1_bars90,1,-15.401097966108988,-15.401097966108988,-19.38940953226121,-13.852956857122374
f1_s0.1_clock10,"f1_s0.1_clock10,f1_s0.1_clock15,f1_s0.1_clock20,f1_s0.1_clock5",4,-12.527203346510523,-13.772837146701725,-16.77725714025342,-13.852956857122374
f1_s0.1_clock120,f1_s0.1_clock120,1,-15.794982193642447,-15.794982193642447,-19.50937503323587,-13.852956857122374
f1_s0.1_clock15,"f1_s0.1_clock10,f1_s0.1_clock15,f1_s0.1_clock20,f1_s0.1_clock30,f1_s0.1_clock5",5,-13.056170244216068,-13.876631904923522,-17.565348128752444,-13.852956857122374
f1_s0.1_clock20,"f1_s0.1_clock10,f1_s0.1_clock15,f1_s0.1_clock20,f1_s0.1_clock30,f1_s0.1_clock5",5,-13.772837146701725,-13.876631904923522,-17.565348128752444,-13.852956857122374
f1_s0.1_clock30,"f1_s0.1_clock15,f1_s0.1_clock20,f1_s0.1_clock30,f1_s0.1_clock45",4,-13.876631904923522,-14.66561001199809,-18.706308167738797,-13.852956857122374
f1_s0.1_clock45,"f1_s0.1_clock30,f1_s0.1_clock45,f1_s0.1_clock60",3,-14.66561001199809,-15.064783482361378,-18.738703781773882,-13.852956857122374
f1_s0.1_clock5,"f1_s0.1_clock10,f1_s0.1_clock15,f1_s0.1_clock20,f1_s0.1_clock5",4,-12.37479852624284,-13.772837146701725,-16.77725714025342,-13.852956857122374
f1_s0.1_clock60,"f1_s0.1_clock45,f1_s0.1_clock60",2,-15.064783482361378,-15.064783482361378,-18.738703781773882,-13.852956857122374
f1_s0.1_clock90,f1_s0.1_clock90,1,-15.442486780640536,-15.442486780640536,-19.455315380214426,-13.852956857122374
f2_s0.1_bars30,f2_s0.1_bars30,1,-13.277584428059269,-13.277584428059269,-17.500109423489274,-13.852956857122374
